Strain,Accession,Date,Region,Country,Division,Authors,Journal,Title,Url,Num Date,Db,Raw Date
NIID123/2016,Lc219720,2016-11-22,Southeast Asia,Vietnam,Vietnam,Tajima Et Al,Unpublished,Complete Nucleotide Sequence Of Zika Virus Isolated From A Patient Returned From Viet Nam To Japan In 2016,https://www.ncbi.nlm.nih.gov/nuccore/LC219720,2016.89,Genbank,2016-11-22
ZKA_16_097,Kx813683,2016-08-27,Southeast Asia,Singapore,Singapore,Ng Et Al,Unpublished,Genome Sequences Of Local Transmitted Zika Viruses In Singapore In 2016,https://www.ncbi.nlm.nih.gov/nuccore/KX813683,2016.65,Genbank,2016-08-27
SG_108,Ky241778,2016-09-06,Southeast Asia,Singapore,Singapore,Ho Et Al,Lancet Infect Dis  2017  In Press,Outbreak Of Zika Virus Infection In Singapore  An Epidemiological Entomological Virological And Clinical Analysis,https://www.ncbi.nlm.nih.gov/nuccore/KY241778,2016.68,Genbank,2016-09-06
SG_037,Ky241707,2016-08-28,Southeast Asia,Singapore,Singapore,Ho Et Al,Lancet Infect Dis  2017  In Press,Outbreak Of Zika Virus Infection In Singapore  An Epidemiological Entomological Virological And Clinical Analysis,https://www.ncbi.nlm.nih.gov/nuccore/KY241707,2016.66,Genbank,2016-08-28
SG_046,Ky241716,2016-08-28,Southeast Asia,Singapore,Singapore,Ho Et Al,Lancet Infect Dis  2017  In Press,Outbreak Of Zika Virus Infection In Singapore  An Epidemiological Entomological Virological And Clinical Analysis,https://www.ncbi.nlm.nih.gov/nuccore/KY241716,2016.66,Genbank,2016-08-28
SG_027,Ky241697,2016-08-27,Southeast Asia,Singapore,Singapore,Ho Et Al,Lancet Infect Dis  2017  In Press,Outbreak Of Zika Virus Infection In Singapore  An Epidemiological Entomological Virological And Clinical Analysis,https://www.ncbi.nlm.nih.gov/nuccore/KY241697,2016.65,Genbank,2016-08-27
SG_109,Ky241779,2016-09-06,Southeast Asia,Singapore,Singapore,Ho Et Al,Lancet Infect Dis  2017  In Press,Outbreak Of Zika Virus Infection In Singapore  An Epidemiological Entomological Virological And Clinical Analysis,https://www.ncbi.nlm.nih.gov/nuccore/KY241779,2016.68,Genbank,2016-09-06
SG_111,Ky241781,2016-09-06,Southeast Asia,Singapore,Singapore,Ho Et Al,Lancet Infect Dis  2017  In Press,Outbreak Of Zika Virus Infection In Singapore  An Epidemiological Entomological Virological And Clinical Analysis,https://www.ncbi.nlm.nih.gov/nuccore/KY241781,2016.68,Genbank,2016-09-06
SG_063,Ky241733,2016-08-28,Southeast Asia,Singapore,Singapore,Ho Et Al,Lancet Infect Dis  2017  In Press,Outbreak Of Zika Virus Infection In Singapore  An Epidemiological Entomological Virological And Clinical Analysis,https://www.ncbi.nlm.nih.gov/nuccore/KY241733,2016.66,Genbank,2016-08-28
SG_105,Ky241775,2016-09-05,Southeast Asia,Singapore,Singapore,Ho Et Al,Lancet Infect Dis  2017  In Press,Outbreak Of Zika Virus Infection In Singapore  An Epidemiological Entomological Virological And Clinical Analysis,https://www.ncbi.nlm.nih.gov/nuccore/KY241775,2016.68,Genbank,2016-09-05
SG_020,Ky241690,2016-09-13,Southeast Asia,Singapore,Singapore,Ho Et Al,Lancet Infect Dis  2017  In Press,Outbreak Of Zika Virus Infection In Singapore  An Epidemiological Entomological Virological And Clinical Analysis,https://www.ncbi.nlm.nih.gov/nuccore/KY241690,2016.70,Genbank,2016-09-13
SG_016,Ky241686,2016-09-12,Southeast Asia,Singapore,Singapore,Ho Et Al,Lancet Infect Dis  2017  In Press,Outbreak Of Zika Virus Infection In Singapore  An Epidemiological Entomological Virological And Clinical Analysis,https://www.ncbi.nlm.nih.gov/nuccore/KY241686,2016.70,Genbank,2016-09-12
SG_013,Ky241683,2016-09-08,Southeast Asia,Singapore,Singapore,Ho Et Al,Lancet Infect Dis  2017  In Press,Outbreak Of Zika Virus Infection In Singapore  An Epidemiological Entomological Virological And Clinical Analysis,https://www.ncbi.nlm.nih.gov/nuccore/KY241683,2016.69,Genbank,2016-09-08
SG_061,Ky241731,2016-08-30,Southeast Asia,Singapore,Singapore,Ho Et Al,Lancet Infect Dis  2017  In Press,Outbreak Of Zika Virus Infection In Singapore  An Epidemiological Entomological Virological And Clinical Analysis,https://www.ncbi.nlm.nih.gov/nuccore/KY241731,2016.66,Genbank,2016-08-30
SG_008,Ky241678,2016-09-07,Southeast Asia,Singapore,Singapore,Ho Et Al,Lancet Infect Dis  2017  In Press,Outbreak Of Zika Virus Infection In Singapore  An Epidemiological Entomological Virological And Clinical Analysis,https://www.ncbi.nlm.nih.gov/nuccore/KY241678,2016.68,Genbank,2016-09-07
SG_005,Ky241675,2016-09-06,Southeast Asia,Singapore,Singapore,Ho Et Al,Lancet Infect Dis  2017  In Press,Outbreak Of Zika Virus Infection In Singapore  An Epidemiological Entomological Virological And Clinical Analysis,https://www.ncbi.nlm.nih.gov/nuccore/KY241675,2016.68,Genbank,2016-09-06
SG_097,Ky241767,2016-09-07,Southeast Asia,Singapore,Singapore,Ho Et Al,Lancet Infect Dis  2017  In Press,Outbreak Of Zika Virus Infection In Singapore  An Epidemiological Entomological Virological And Clinical Analysis,https://www.ncbi.nlm.nih.gov/nuccore/KY241767,2016.68,Genbank,2016-09-07
SG_014,Ky241684,2016-09-08,Southeast Asia,Singapore,Singapore,Ho Et Al,Lancet Infect Dis  2017  In Press,Outbreak Of Zika Virus Infection In Singapore  An Epidemiological Entomological Virological And Clinical Analysis,https://www.ncbi.nlm.nih.gov/nuccore/KY241684,2016.69,Genbank,2016-09-08
SG_009,Ky241679,2016-09-07,Southeast Asia,Singapore,Singapore,Ho Et Al,Lancet Infect Dis  2017  In Press,Outbreak Of Zika Virus Infection In Singapore  An Epidemiological Entomological Virological And Clinical Analysis,https://www.ncbi.nlm.nih.gov/nuccore/KY241679,2016.68,Genbank,2016-09-07
SG_025,Ky241695,2016-09-20,Southeast Asia,Singapore,Singapore,Ho Et Al,Lancet Infect Dis  2017  In Press,Outbreak Of Zika Virus Infection In Singapore  An Epidemiological Entomological Virological And Clinical Analysis,https://www.ncbi.nlm.nih.gov/nuccore/KY241695,2016.72,Genbank,2016-09-20
SG_102,Ky241772,2016-08-30,Southeast Asia,Singapore,Singapore,Ho Et Al,Lancet Infect Dis  2017  In Press,Outbreak Of Zika Virus Infection In Singapore  An Epidemiological Entomological Virological And Clinical Analysis,https://www.ncbi.nlm.nih.gov/nuccore/KY241772,2016.66,Genbank,2016-08-30
SG_095,Ky241765,2016-08-30,Southeast Asia,Singapore,Singapore,Ho Et Al,Lancet Infect Dis  2017  In Press,Outbreak Of Zika Virus Infection In Singapore  An Epidemiological Entomological Virological And Clinical Analysis,https://www.ncbi.nlm.nih.gov/nuccore/KY241765,2016.66,Genbank,2016-08-30
SG_033,Ky241703,2016-08-29,Southeast Asia,Singapore,Singapore,Ho Et Al,Lancet Infect Dis  2017  In Press,Outbreak Of Zika Virus Infection In Singapore  An Epidemiological Entomological Virological And Clinical Analysis,https://www.ncbi.nlm.nih.gov/nuccore/KY241703,2016.66,Genbank,2016-08-29
SG_100,Ky241770,2016-08-30,Southeast Asia,Singapore,Singapore,Ho Et Al,Lancet Infect Dis  2017  In Press,Outbreak Of Zika Virus Infection In Singapore  An Epidemiological Entomological Virological And Clinical Analysis,https://www.ncbi.nlm.nih.gov/nuccore/KY241770,2016.66,Genbank,2016-08-30
SG_041,Ky241711,2016-08-29,Southeast Asia,Singapore,Singapore,Ho Et Al,Lancet Infect Dis  2017  In Press,Outbreak Of Zika Virus Infection In Singapore  An Epidemiological Entomological Virological And Clinical Analysis,https://www.ncbi.nlm.nih.gov/nuccore/KY241711,2016.66,Genbank,2016-08-29
SG_090,Ky241760,2016-09-13,Southeast Asia,Singapore,Singapore,Ho Et Al,Lancet Infect Dis  2017  In Press,Outbreak Of Zika Virus Infection In Singapore  An Epidemiological Entomological Virological And Clinical Analysis,https://www.ncbi.nlm.nih.gov/nuccore/KY241760,2016.70,Genbank,2016-09-13
SG_073,Ky241743,2016-08-26,Southeast Asia,Singapore,Singapore,Ho Et Al,Lancet Infect Dis  2017  In Press,Outbreak Of Zika Virus Infection In Singapore  An Epidemiological Entomological Virological And Clinical Analysis,https://www.ncbi.nlm.nih.gov/nuccore/KY241743,2016.65,Genbank,2016-08-26
SG_039,Ky241709,2016-08-28,Southeast Asia,Singapore,Singapore,Ho Et Al,Lancet Infect Dis  2017  In Press,Outbreak Of Zika Virus Infection In Singapore  An Epidemiological Entomological Virological And Clinical Analysis,https://www.ncbi.nlm.nih.gov/nuccore/KY241709,2016.66,Genbank,2016-08-28
1_0038_PF,Kx447517,2014-01-01,Oceania,French Polynesia,French Polynesia,Nougairede Et Al,Unpublished,Zika Virus Outbreak In French Polynesia 2013-2014,https://www.ncbi.nlm.nih.gov/nuccore/KX447517,2014.08,Genbank,2014-01-xx
1_0111_PF,Kx447516,2014-01-01,Oceania,French Polynesia,French Polynesia,Nougairede Et Al,Unpublished,Zika Virus Outbreak In French Polynesia 2013-2014,https://www.ncbi.nlm.nih.gov/nuccore/KX447516,2014.08,Genbank,2014-01-xx
1_0030_PF,Kx447515,2013-11-01,Oceania,French Polynesia,French Polynesia,Nougairede Et Al,Unpublished,Zika Virus Outbreak In French Polynesia 2013-2014,https://www.ncbi.nlm.nih.gov/nuccore/KX447515,2013.91,Genbank,2013-11-xx
1_0035_PF,Kx447514,2014-01-01,Oceania,French Polynesia,French Polynesia,Nougairede Et Al,Unpublished,Zika Virus Outbreak In French Polynesia 2013-2014,https://www.ncbi.nlm.nih.gov/nuccore/KX447514,2014.08,Genbank,2014-01-xx
H/PF/2013,Kj776791,2013-11-28,Oceania,French Polynesia,French Polynesia,Baronti Et Al,Genome Announc 2  3  E00500-14  2014 ,Complete Coding Sequence Of Zika Virus From A French Polynesia Outbreak In 2013,https://www.ncbi.nlm.nih.gov/nuccore/KJ776791,2013.91,Genbank,2013-11-28
1_0080_PF,Kx447521,2014-02-01,Oceania,French Polynesia,French Polynesia,Nougairede Et Al,Unpublished,Zika Virus Outbreak In French Polynesia 2013-2014,https://www.ncbi.nlm.nih.gov/nuccore/KX447521,2014.16,Genbank,2014-02-xx
1_0087_PF,Kx447509,2013-12-01,Oceania,French Polynesia,French Polynesia,Nougairede Et Al,Unpublished,Zika Virus Outbreak In French Polynesia 2013-2014,https://www.ncbi.nlm.nih.gov/nuccore/KX447509,2014.00,Genbank,2013-12-xx
Chiba/S36/2016,Lc191864,2016-04-21,Oceania,Fiji,Fiji,Taira Et Al,Unpublished,The First Complete Genome Sequence Of Zika Virus Isolated From Clinical Case In Japan,https://www.ncbi.nlm.nih.gov/nuccore/LC191864,2016.30,Genbank,2016-04-21
TS17_2016,Kx806557,2016-02-01,Oceania,Tonga,Tonga,Pyke Et Al,Unpublished,Isolation Of Zika Virus From A Viremic Patient From Australia With Travel To Tonga 2016,https://www.ncbi.nlm.nih.gov/nuccore/KX806557,2016.08,Genbank,2016-02-xx
ZJ02,Ku761561,2016-02-01,Oceania,American Samoa,American Samoa,Tong Et Al,Unpublished,Complete Genome Of Zika Viruses Isolated From China,https://www.ncbi.nlm.nih.gov/nuccore/KU761561,2016.08,Genbank,2016-02-xx
ZJ03,Ku761560,2016-02-01,Oceania,American Samoa,American Samoa,Tong Et Al,Unpublished,Complete Genome Of Zika Viruses Isolated From China,https://www.ncbi.nlm.nih.gov/nuccore/KU761560,2016.16,Genbank,2016-02-xx
Zhejiang04,Kx117076,2016-02-17,Oceania,American Samoa,American Samoa,Zhang Et Al,Unpublished,Phylogenetic Analyses Of The Imported Zika Virus Cases To China 2016,https://www.ncbi.nlm.nih.gov/nuccore/KX117076,2016.13,Genbank,2016-02-17
CN/SZ02/2016,Kx185891,2016-02-17,Oceania,American Samoa,American Samoa,Zhao Et Al,Unpublished,Isolation Of Infectious Zika Virus From Saliva In A Traveller Returning From Samoa To Shenzhen China2016,https://www.ncbi.nlm.nih.gov/nuccore/KX185891,2016.13,Genbank,2016-02-17
SZ_WIV01,Ku963796,2016-01-01,Oceania,American Samoa,American Samoa,Deng Et Al,Unpublished,Isolation And Characterization Of Zika Virus Imported To China In C6/36 Mosquito Cells,https://www.ncbi.nlm.nih.gov/nuccore/KU963796,2016.17,Genbank,2016-xx-xx
ZJ04,Kx013000,2016-02-17,China,China,China,Tong Et Al,Unpublished,A Case Cluster With Of Zika Virus Infection That Was Imported To China In 2016,https://www.ncbi.nlm.nih.gov/nuccore/KX013000,2016.13,Genbank,2016-02-17
ZJ01,Ku997667,2016-02-16,China,China,China,Tong Et Al,Unpublished,A Case Cluster With Of Zika Virus Infection That Was Imported To China In 2016,https://www.ncbi.nlm.nih.gov/nuccore/KU997667,2016.13,Genbank,2016-02-16
SZ01/2016/China,Ku866423,2016-01-01,Oceania,American Samoa,American Samoa,Deng Et Al,Sci China Life Sci 59  4  428-430  2016 ,Isolation Identification And Genomic Characterization Of The Asian Lineage Zika Virus Imported To China,https://www.ncbi.nlm.nih.gov/nuccore/KU866423,2016.15,Genbank,2016-xx-xx
SMGC_1,Kx266255,2016-02-14,Oceania,American Samoa,American Samoa,Bi Et Al,Chin. Sci. Bull. 61  22  2463-2474  2016 ,Genetic And Biological Characterization For Zika Viruses Imported Through Shenzhen Port,https://www.ncbi.nlm.nih.gov/nuccore/KX266255,2016.12,Genbank,2016-02-14
_CCMU01/2016,Mf036115,2016-11-02,China,China,China,Wu Et Al,Unpublished,Zika Virus Infection Associated With Severe Liver Dysfunction And Coagulation Disorder,https://www.ncbi.nlm.nih.gov/nuccore/MF036115,2016.84,Genbank,2016-11-02
SY01_2016,Ky967711,2016-11-01,China,China,China,Wu Et Al,Unpublished,Zika Virus Infection Induces Coagulation Disorder And Liver Dysfunction,https://www.ncbi.nlm.nih.gov/nuccore/KY967711,2016.84,Genbank,2016-11-01
Z16006,Ku955589,2016-02-16,Oceania,American Samoa,American Samoa,Wu Et Al,Unpublished,Large Returning Population Of Oversea Chinese Of Guangdong Province Combined With Tourists Increase The Risks Of Zikv Transmission In Guangdong China,https://www.ncbi.nlm.nih.gov/nuccore/KU955589,2016.13,Genbank,2016-02-16
ZKC2/2016,Kx253996,2016-02-16,Oceania,American Samoa,American Samoa,Wu Et Al,Submitted  18-may-2016  Center For Diseases Control And Prevention Of Guangdong Province; National Institute Of Viral Disease Control And Prevention China,Direct Submission,https://www.ncbi.nlm.nih.gov/nuccore/KX253996,2016.13,Genbank,2016-02-16
1_0016_PF,Kx447520,2014-01-01,Oceania,French Polynesia,French Polynesia,Nougairede Et Al,Unpublished,Zika Virus Outbreak In French Polynesia 2013-2014,https://www.ncbi.nlm.nih.gov/nuccore/KX447520,2014.08,Genbank,2014-01-xx
1_0015_PF,Kx447511,2014-01-01,Oceania,French Polynesia,French Polynesia,Nougairede Et Al,Unpublished,Zika Virus Outbreak In French Polynesia 2013-2014,https://www.ncbi.nlm.nih.gov/nuccore/KX447511,2014.08,Genbank,2014-01-xx
1_0134_PF,Kx447513,2013-12-01,Oceania,French Polynesia,French Polynesia,Nougairede Et Al,Unpublished,Zika Virus Outbreak In French Polynesia 2013-2014,https://www.ncbi.nlm.nih.gov/nuccore/KX447513,2014.00,Genbank,2013-12-xx
1_0199_PF,Kx447519,2013-11-01,Oceania,French Polynesia,French Polynesia,Nougairede Et Al,Unpublished,Zika Virus Outbreak In French Polynesia 2013-2014,https://www.ncbi.nlm.nih.gov/nuccore/KX447519,2013.86,Genbank,2013-11-xx
PF13/251013_18,Kx369547,2013-10-25,Oceania,French Polynesia,French Polynesia,Troesemeier Et Al,Unpublished,Genome Sequence Of A Candidate World Health Organization Reference Strain For Zika Virus For Nucleic Acid Testing,https://www.ncbi.nlm.nih.gov/nuccore/KX369547,2013.81,Genbank,2013-10-25
1_0181_PF,Kx447512,2013-12-01,Oceania,French Polynesia,French Polynesia,Nougairede Et Al,Unpublished,Zika Virus Outbreak In French Polynesia 2013-2014,https://www.ncbi.nlm.nih.gov/nuccore/KX447512,2013.93,Genbank,2013-12-xx
1_0049_PF,Kx447510,2013-12-01,Oceania,French Polynesia,French Polynesia,Nougairede Et Al,Unpublished,Zika Virus Outbreak In French Polynesia 2013-2014,https://www.ncbi.nlm.nih.gov/nuccore/KX447510,2014.00,Genbank,2013-12-xx
1_0117_PF,Kx447518,2013-12-01,Oceania,French Polynesia,French Polynesia,Nougairede Et Al,Unpublished,Zika Virus Outbreak In French Polynesia 2013-2014,https://www.ncbi.nlm.nih.gov/nuccore/KX447518,2014.00,Genbank,2013-12-xx
Haiti/1/2016,Kx051563,2016-02-05,North America,Haiti,Haiti,Iovine Et Al,Clin. Infect. Dis.  2016  In Press,Coinfection With Zika And Dengue-2 Viruses In A Traveler Returning From Haiti 2016  Clinical Presentation And Genetic Analysis,https://www.ncbi.nlm.nih.gov/nuccore/KX051563,2016.10,Genbank,2016-02-05
Haiti/1225/2014,Ku509998,2014-12-12,North America,Haiti,Haiti,Lednicky Et Al,Plos Negl Trop Dis 10  4  E0004687  2016 ,Zika Virus Outbreak In Haiti In 2014  Molecular And Clinical Data,https://www.ncbi.nlm.nih.gov/nuccore/KU509998,2014.94,Genbank,2014-12-12
SPH2015,Ku321639,2015-03-01,South America,Brazil,Brazil,Cunha Et Al,Genome Announc 4  2   2016 ,First Complete Genome Sequence Of Zika Virus  Flaviviridae Flavivirus  From An Autochthonous Transmission In Brazil,https://www.ncbi.nlm.nih.gov/nuccore/KU321639,2015.24,Genbank,2015-03-xx
V17829,Kr872956,2015-01-01,South America,Brazil,Brazil,Nunes Et Al,Unpublished,Emergence Of Zika Virus In Brazil  Detection Of Asian Genotype,https://www.ncbi.nlm.nih.gov/nuccore/KR872956,2015.32,Genbank,2015-xx-xx
PE243,Mf352141,2015-05-13,South America,Brazil,Brazil,Marques Et Al,Submitted  14-jun-2017  Institute For Medical Engineering And Science Massachusetts Institute Of Technology 77 Massachusetts Ave Building 48-419 Cambridge Ma 02139 Usa,Direct Submission,https://www.ncbi.nlm.nih.gov/nuccore/MF352141,2015.36,Genbank,2015-05-13
Brazil/PE243/2015,Kx197192,2015-01-01,South America,Brazil,Brazil,Donald Et Al,Plos Negl Trop Dis 10  10  E0005048  2016 ,Full Genome Sequence And Sfrna Interferon Antagonist Activity Of Zika Virus From Recife Brazil,https://www.ncbi.nlm.nih.gov/nuccore/KX197192,2015.53,Genbank,2015-xx-xx
Brazil/2016/ZBRC25,Ky558993,2016-01-18,South America,Brazil,Brazil,Faria Et Al,Unpublished,Epidemic Establishment And Cryptic Transmission Of Zika Virus In Brazil And The Americas,https://www.ncbi.nlm.nih.gov/nuccore/KY558993,2016.05,Genbank,2016-01-18
ZBRC13,Zbrc13,2016-01-12,South America,Brazil,Pernambuco,Zika In Brazil Real-time Analysis Consortium,?,?,https://github.com/zibraproject/zibraproject.github.io/tree/master/data/consensus,2016.03,Zibra,2016-01-12
Brazil/2016/ZBRC14,Ky558990,2016-01-15,South America,Brazil,Brazil,Faria Et Al,Unpublished,Epidemic Establishment And Cryptic Transmission Of Zika Virus In Brazil And The Americas,https://www.ncbi.nlm.nih.gov/nuccore/KY558990,2016.04,Genbank,2016-01-15
ZBRC15,Zbrc15,2016-01-15,South America,Brazil,Pernambuco,Zika In Brazil Real-time Analysis Consortium,?,?,https://github.com/zibraproject/zibraproject.github.io/tree/master/data/consensus,2016.04,Zibra,2016-01-15
SG_118,Ky241788,2016-05-13,Southeast Asia,Singapore,Singapore,Ho Et Al,Lancet Infect Dis  2017  In Press,Outbreak Of Zika Virus Infection In Singapore  An Epidemiological Entomological Virological And Clinical Analysis,https://www.ncbi.nlm.nih.gov/nuccore/KY241788,2016.36,Genbank,2016-05-13
Brazil/2015/ZBRC321,Ky559000,2015-08-09,South America,Brazil,Brazil,Faria Et Al,Unpublished,Epidemic Establishment And Cryptic Transmission Of Zika Virus In Brazil And The Americas,https://www.ncbi.nlm.nih.gov/nuccore/KY559000,2015.60,Genbank,2015-08-09
EcEs089_16,Kx879604,2016-04-01,South America,Ecuador,Ecuador,Marquez Et Al,Genome Announc 5  8  E01673-16  2017 ,First Complete Genome Sequences Of Zika Virus Isolated From Febrile Patient Sera In Ecuador,https://www.ncbi.nlm.nih.gov/nuccore/KX879604,2016.25,Genbank,2016-04-xx
EcEs062_16,Kx879603,2016-04-01,South America,Ecuador,Ecuador,Marquez Et Al,Genome Announc 5  8  E01673-16  2017 ,First Complete Genome Sequences Of Zika Virus Isolated From Febrile Patient Sera In Ecuador,https://www.ncbi.nlm.nih.gov/nuccore/KX879603,2016.33,Genbank,2016-04-xx
Brazil/2016/ZBRX16,Ky559016,2016-04-25,South America,Brazil,Brazil,Faria Et Al,Unpublished,Epidemic Establishment And Cryptic Transmission Of Zika Virus In Brazil And The Americas,https://www.ncbi.nlm.nih.gov/nuccore/KY559016,2016.31,Genbank,2016-04-25
Paraiba_01,Kx280026,2015-01-01,South America,Brazil,Brazil,Tsetsarkin Et Al,Unpublished,Full-length Infectious Cdna Clone Of Zika Virus From 2015 Epidemic In Brazil  Development And Characterization Of Recombinant Viruses In Cell Lines From Human Placenta Testis And Brain,https://www.ncbi.nlm.nih.gov/nuccore/KX280026,2016.00,Genbank,2015-xx-xx
Brazil_2015_MG,Kx811222,2016-06-14,South America,Brazil,Brazil,Green Et Al,Unpublished,Zika Viral Sequence Identified In Fortaleza Brazil,https://www.ncbi.nlm.nih.gov/nuccore/KX811222,2016.45,Genbank,2016-06-14
Rio_S1,Ku926310,2016-01-29,South America,Brazil,Brazil,Bonaldo Et Al,Plos Negl Trop Dis 10  6  E0004816  2016 ,Isolation Of Infective Zika Virus From Urine And Saliva Of Patients In Brazil,https://www.ncbi.nlm.nih.gov/nuccore/KU926310,2016.08,Genbank,2016-01-29
Natal_RGN,Ku527068,2015-01-01,South America,Brazil,Brazil,Mlakar Et Al,N. Engl. J. Med. 374  10  951-958  2016 ,Zika Virus Associated With Microcephaly,https://www.ncbi.nlm.nih.gov/nuccore/KU527068,2015.63,Genbank,2015-xx-xx
BeH823339,Ku729217,2015-01-01,South America,Brazil,Brazil,Faria Et Al,Unpublished,Zika Virus In The Americas  Early Epidemiological And Genetic Findings,https://www.ncbi.nlm.nih.gov/nuccore/KU729217,2015.37,Genbank,2015-xx-xx
Brazil/2015/ZBRA105,Ky558989,2015-02-23,South America,Brazil,Brazil,Faria Et Al,Nature 546  7658  406-410  2017 ,Establishment And Cryptic Transmission Of Zika Virus In Brazil And The Americas,https://www.ncbi.nlm.nih.gov/nuccore/KY558989,2015.15,Genbank,2015-02-23
DOM/2016/MA_WGS16_020,Ky785460,2016-06-30,North America,Dominican Republic,Dominican Republic,Metsky Et Al,Nature 546  7658  411-415  2017 ,Zika Virus Evolution And Spread In The Americas,https://www.ncbi.nlm.nih.gov/nuccore/KY785460,2016.50,Genbank,2016-06-30
Saint_Barthelemi_Rus_6BRN_2016,Mf098767,2016-07-25,North America,Saint Barthelemy,Saint Barthelemy,Karan Et Al,Unpublished,Imported Cases Of Zika Virus Disease In Russia In 2016-2017,https://www.ncbi.nlm.nih.gov/nuccore/MF098767,2016.56,Genbank,2016-07-25
Brazil/2016/ZBRY11,Ky559029,2016-01-01,South America,Brazil,Brazil,Faria Et Al,Unpublished,Epidemic Establishment And Cryptic Transmission Of Zika Virus In Brazil And The Americas,https://www.ncbi.nlm.nih.gov/nuccore/KY559029,2016.00,Genbank,2016-01-xx
Brazil/2016/ZBRY14,Ky817930,2016-01-01,South America,Brazil,Brazil,Faria Et Al,Nature 546  7658  406-410  2017 ,Establishment And Cryptic Transmission Of Zika Virus In Brazil And The Americas,https://www.ncbi.nlm.nih.gov/nuccore/KY817930,2016.08,Genbank,2016-01-xx
DOM/2016/BB_0216,Ky014302,2016-04-21,North America,Dominican Republic,Dominican Republic,Metsky Et Al,Nature 546  7658  411-415  2017 ,Zika Virus Evolution And Spread In The Americas,https://www.ncbi.nlm.nih.gov/nuccore/KY014302,2016.30,Genbank,2016-04-21
DOM/2016/BB_0180,Ky014304,2016-04-18,North America,Dominican Republic,Dominican Republic,Metsky Et Al,Nature 546  7658  411-415  2017 ,Zika Virus Evolution And Spread In The Americas,https://www.ncbi.nlm.nih.gov/nuccore/KY014304,2016.30,Genbank,2016-04-18
mosquito/Haiti/1682/2016,Mf384325,2016-05-17,North America,Haiti,Haiti,White Et Al,Unpublished,Isolation Of Zika Virus From Mosquitoes In Haiti,https://www.ncbi.nlm.nih.gov/nuccore/MF384325,2016.38,Genbank,2016-05-17
PHE_Guadeloupe,Kx673530,2016-04-21,North America,Guadeloupe,Guadeloupe,Atkinson Et Al,Unpublished,Complete Genomic Sequence Of Zika Virus Isolated From A Clinical Semen Sample,https://www.ncbi.nlm.nih.gov/nuccore/KX673530,2016.30,Genbank,2016-04-21
Haiti/0054/2014,Ky415988,2014-06-05,North America,Haiti,Haiti,White Et Al,Unpublished,Zika Viruses In Haiti During An Outbreak Of Chikungunya Fever In Mid 2014,https://www.ncbi.nlm.nih.gov/nuccore/KY415988,2014.42,Genbank,2014-06-05
Haiti/0033/2014,Ky415987,2014-05-29,North America,Haiti,Haiti,White Et Al,Unpublished,Zika Viruses In Haiti During An Outbreak Of Chikungunya Fever In Mid 2014,https://www.ncbi.nlm.nih.gov/nuccore/KY415987,2014.41,Genbank,2014-05-29
Haiti/0036/2014,Ky415990,2014-06-02,North America,Haiti,Haiti,White Et Al,Unpublished,Zika Viruses In Haiti During An Outbreak Of Chikungunya Fever In Mid 2014,https://www.ncbi.nlm.nih.gov/nuccore/KY415990,2014.42,Genbank,2014-06-02
Haiti/0029/2014,Ky415986,2014-05-29,North America,Haiti,Haiti,White Et Al,Unpublished,Zika Viruses In Haiti During An Outbreak Of Chikungunya Fever In Mid 2014,https://www.ncbi.nlm.nih.gov/nuccore/KY415986,2014.41,Genbank,2014-05-29
Haiti/0074/2014,Ky415989,2014-06-10,North America,Haiti,Haiti,White Et Al,Unpublished,Zika Viruses In Haiti During An Outbreak Of Chikungunya Fever In Mid 2014,https://www.ncbi.nlm.nih.gov/nuccore/KY415989,2014.44,Genbank,2014-06-10
Haiti/0097/2014,Ky415991,2014-06-24,North America,Haiti,Haiti,White Et Al,Unpublished,Zika Viruses In Haiti During An Outbreak Of Chikungunya Fever In Mid 2014,https://www.ncbi.nlm.nih.gov/nuccore/KY415991,2014.48,Genbank,2014-06-24
Cuba_2017,Mf438286,2017-02-12,North America,Cuba,Cuba,Lasala-sanchez Et Al,Unpublished,Zika Virus Polyprotein Sequence Isolated From A Fetus-brain Of Cuba Pregnant Traveler Diagnosed In Spain  Madrid ,https://www.ncbi.nlm.nih.gov/nuccore/MF438286,2017.11,Genbank,2017-02-12
DOM/2016/BB_0433,Ky785441,2016-06-13,North America,Dominican Republic,Dominican Republic,Metsky Et Al,Nature 546  7658  411-415  2017 ,Zika Virus Evolution And Spread In The Americas,https://www.ncbi.nlm.nih.gov/nuccore/KY785441,2016.45,Genbank,2016-06-13
USVI/28/2016,Vi28,2016-11-28,North America,USVI,Saint Croix,Black Et Al,?,Genetic Characterization Of The Zika Virus Epidemic In The Us Virgin Islands,https://github.com/blab/zika-usvi/,2016.91,Fh,2016-11-28
USVI/42/2016,Vi42,2016-10-26,North America,USVI,Saint Croix,Black Et Al,?,Genetic Characterization Of The Zika Virus Epidemic In The Us Virgin Islands,https://github.com/blab/zika-usvi/,2016.82,Fh,2016-10-26
USVI/20/2016,Vi20,2016-10-13,North America,USVI,Saint Croix,Black Et Al,?,Genetic Characterization Of The Zika Virus Epidemic In The Us Virgin Islands,https://github.com/blab/zika-usvi/,2016.78,Fh,2016-10-13
USVI/19/2016,Vi19,2016-11-21,North America,USVI,Saint Croix,Black Et Al,?,Genetic Characterization Of The Zika Virus Epidemic In The Us Virgin Islands,https://github.com/blab/zika-usvi/tree/master/data,2016.89,Fh,2016-11-21
USVI/41/2016,Vi41,2016-11-10,North America,USVI,Saint Croix,Black Et Al,?,Genetic Characterization Of The Zika Virus Epidemic In The Us Virgin Islands,https://github.com/blab/zika-usvi/tree/master/data,2016.86,Fh,2016-11-10
DOM/2016/MA_WGS16_013,Ky785473,2016-06-15,North America,Dominican Republic,Dominican Republic,Metsky Et Al,Nature 546  7658  411-415  2017 ,Zika Virus Evolution And Spread In The Americas,https://www.ncbi.nlm.nih.gov/nuccore/KY785473,2016.45,Genbank,2016-06-15
DOM/2016/BB_0091,Ky785475,2016-04-07,North America,Dominican Republic,Dominican Republic,Metsky Et Al,Nature 546  7658  411-415  2017 ,Zika Virus Evolution And Spread In The Americas,https://www.ncbi.nlm.nih.gov/nuccore/KY785475,2016.27,Genbank,2016-04-07
Dominican_Republic/2016/ZB,Mf664436,2016-08-25,North America,Dominican Republic,Dominican Republic,Prilipov Et Al,Submitted  13-aug-2017  Molecular Genetics Ivanovsky Virilogy Institute Gamalei Centre Of Microbiology And Epidemiology Gamalei Str. 16 Moscow 123098 Russia,Direct Submission,https://www.ncbi.nlm.nih.gov/nuccore/MF664436,2016.65,Genbank,2016-08-25
Dominican_Rep_Rus_8ZBR_2016,Mf098769,2016-08-25,North America,Dominican Republic,Dominican Republic,Karan Et Al,Unpublished,Imported Cases Of Zika Virus Disease In Russia In 2016-2017,https://www.ncbi.nlm.nih.gov/nuccore/MF098769,2016.65,Genbank,2016-08-25
Dominican_Rep_Rus_7EGR_2016,Mf098768,2016-08-25,North America,Dominican Republic,Dominican Republic,Karan Et Al,Unpublished,Imported Cases Of Zika Virus Disease In Russia In 2016-2017,https://www.ncbi.nlm.nih.gov/nuccore/MF098768,2016.65,Genbank,2016-08-25
DOM/2016/BB_0071,Ky785449,2016-04-05,North America,Dominican Republic,Dominican Republic,Metsky Et Al,Nature 546  7658  411-415  2017 ,Zika Virus Evolution And Spread In The Americas,https://www.ncbi.nlm.nih.gov/nuccore/KY785449,2016.26,Genbank,2016-04-05
DOM/2016/BB_0436,Ky014314,2016-06-14,North America,Dominican Republic,Dominican Republic,Metsky Et Al,Nature 546  7658  411-415  2017 ,Zika Virus Evolution And Spread In The Americas,https://www.ncbi.nlm.nih.gov/nuccore/KY014314,2016.45,Genbank,2016-06-14
DOM/2016/MA_WGS16_014,Ky785470,2016-06-18,North America,Dominican Republic,Dominican Republic,Metsky Et Al,Nature 546  7658  411-415  2017 ,Zika Virus Evolution And Spread In The Americas,https://www.ncbi.nlm.nih.gov/nuccore/KY785470,2016.46,Genbank,2016-06-18
DOM/2016/BB_0115,Ky014321,2016-04-11,North America,Dominican Republic,Dominican Republic,Metsky Et Al,Nature 546  7658  411-415  2017 ,Zika Virus Evolution And Spread In The Americas,https://www.ncbi.nlm.nih.gov/nuccore/KY014321,2016.28,Genbank,2016-04-11
Dominican_Republic/2016/PD1,Ku853012,2016-02-01,North America,Dominican Republic,Dominican Republic,Barzon Et Al,Euro Surveill. 21  10   2016 ,Isolation Of Infectious Zika Virus From Saliva And Prolonged Viral Rna Shedding In A Traveller Returning From The Dominican Republic To Italy January 2016,https://www.ncbi.nlm.nih.gov/nuccore/KU853012,2016.08,Genbank,2016-02-01
USA/2016/FL039,Kx922707,2016-08-17,North America,USA,USA,Grubaugh Et Al,Nature  2017  In Press,Genomic Epidemiology Reveals Multiple Introductions Of Zika Virus Into The United States,https://www.ncbi.nlm.nih.gov/nuccore/KX922707,2016.63,Genbank,2016-08-17
DOM/2016/BB_0269,Ky014318,2016-04-27,North America,Dominican Republic,Dominican Republic,Metsky Et Al,Nature 546  7658  411-415  2017 ,Zika Virus Evolution And Spread In The Americas,https://www.ncbi.nlm.nih.gov/nuccore/KY014318,2016.32,Genbank,2016-04-27
DOM/2016/BB_0183,Ky785420,2016-04-18,North America,Dominican Republic,Dominican Republic,Metsky Et Al,Nature 546  7658  411-415  2017 ,Zika Virus Evolution And Spread In The Americas,https://www.ncbi.nlm.nih.gov/nuccore/KY785420,2016.30,Genbank,2016-04-18
Yokohama/1/2016,Lc190723,2016-05-20,Japan Korea,Japan,Japan,Ozawa Et Al,Unpublished,Zika Virus Isolate Zikv/hu/yokohama/1/2016,https://www.ncbi.nlm.nih.gov/nuccore/LC190723,2016.38,Genbank,2016-05-20
Dominican_Rep_Rus_5RMN_2016,Mf098766,2016-05-31,North America,Dominican Republic,Dominican Republic,Karan Et Al,Unpublished,Imported Cases Of Zika Virus Disease In Russia In 2016-2017,https://www.ncbi.nlm.nih.gov/nuccore/MF098766,2016.41,Genbank,2016-05-31
DOM/2016/MA_WGS16_031,Ky785434,2016-08-17,North America,Dominican Republic,Dominican Republic,Metsky Et Al,Nature 546  7658  411-415  2017 ,Zika Virus Evolution And Spread In The Americas,https://www.ncbi.nlm.nih.gov/nuccore/KY785434,2016.63,Genbank,2016-08-17
DOM/2016/BB_0076,Ky014305,2016-04-05,North America,Dominican Republic,Dominican Republic,Metsky Et Al,Nature 546  7658  411-415  2017 ,Zika Virus Evolution And Spread In The Americas,https://www.ncbi.nlm.nih.gov/nuccore/KY014305,2016.26,Genbank,2016-04-05
Dominican_Rep_Rus_3ALT_2016,Mf098764,2016-05-11,North America,Dominican Republic,Dominican Republic,Karan Et Al,Unpublished,Imported Cases Of Zika Virus Disease In Russia In 2016-2017,https://www.ncbi.nlm.nih.gov/nuccore/MF098764,2016.36,Genbank,2016-05-11
USVI/22/2016,Vi22,2016-09-07,North America,USVI,Saint Thomas,Black Et Al,?,Genetic Characterization Of The Zika Virus Epidemic In The Us Virgin Islands,https://github.com/blab/zika-usvi/,2016.68,Fh,2016-09-07
DOM/2016/MA_WGS16_040,Ky785413,2016-10-06,North America,Dominican Republic,Dominican Republic,Metsky Et Al,Nature 546  7658  411-415  2017 ,Zika Virus Evolution And Spread In The Americas,https://www.ncbi.nlm.nih.gov/nuccore/KY785413,2016.76,Genbank,2016-10-06
DOM/2016/MA_WGS16_036,Ky785447,2016-09-22,North America,Dominican Republic,Dominican Republic,Metsky Et Al,Nature 546  7658  411-415  2017 ,Zika Virus Evolution And Spread In The Americas,https://www.ncbi.nlm.nih.gov/nuccore/KY785447,2016.73,Genbank,2016-09-22
DOM/2016/MA_WGS16_011,Ky785484,2016-06-06,North America,Dominican Republic,Dominican Republic,Metsky Et Al,Nature 546  7658  411-415  2017 ,Zika Virus Evolution And Spread In The Americas,https://www.ncbi.nlm.nih.gov/nuccore/KY785484,2016.43,Genbank,2016-06-06
DOM/2016/MA_WGS16_024,Ky785435,2016-07-07,North America,Dominican Republic,Dominican Republic,Metsky Et Al,Nature 546  7658  411-415  2017 ,Zika Virus Evolution And Spread In The Americas,https://www.ncbi.nlm.nih.gov/nuccore/KY785435,2016.51,Genbank,2016-07-07
DOM/2016/BB_0428,Ky785428,2016-06-13,North America,Dominican Republic,Dominican Republic,Metsky Et Al,Nature 546  7658  411-415  2017 ,Zika Virus Evolution And Spread In The Americas,https://www.ncbi.nlm.nih.gov/nuccore/KY785428,2016.45,Genbank,2016-06-13
JAM/2016/MA_WGS16_038,Ky785438,2016-09-26,North America,Jamaica,Jamaica,Metsky Et Al,Nature 546  7658  411-415  2017 ,Zika Virus Evolution And Spread In The Americas,https://www.ncbi.nlm.nih.gov/nuccore/KY785438,2016.74,Genbank,2016-09-26
Haiti/2016/PD,Kx269878,2016-02-01,North America,Haiti,Haiti,Barzon Et Al,Euro Surveill. 21  32   2016 ,Infection Dynamics In A Traveller With Persistent Shedding Of Zika Virus Rna In Semen For Six Months After Returning From Haiti To Italy January 2016,https://www.ncbi.nlm.nih.gov/nuccore/KX269878,2016.08,Genbank,2016-02-01
USA/2016/FLUR058,Ky325476,2016-10-11,North America,USA,USA,Grubaugh Et Al,Nature  2017  In Press,Genomic Epidemiology Reveals Multiple Introductions Of Zika Virus Into The United States,https://www.ncbi.nlm.nih.gov/nuccore/KY325476,2016.78,Genbank,2016-10-11
USA/2016/FLSR036,Ky325464,2016-09-19,North America,USA,USA,Grubaugh Et Al,Nature  2017  In Press,Genomic Epidemiology Reveals Multiple Introductions Of Zika Virus Into The United States,https://www.ncbi.nlm.nih.gov/nuccore/KY325464,2016.72,Genbank,2016-09-19
Aedes_aegypti/USA/2016/FL05,Ky075937,2016-09-09,North America,USA,USA,Grubaugh Et Al,Nature  2017  In Press,Genomic Epidemiology Reveals Multiple Introductions Of Zika Virus Into The United States,https://www.ncbi.nlm.nih.gov/nuccore/KY075937,2016.69,Genbank,2016-09-09
USA/2016/FLUR014,Ky325482,2016-08-24,North America,USA,USA,Ladner Et Al,Unpublished,Zika Virus Genomes From Human Cases In Florida Usa,https://www.ncbi.nlm.nih.gov/nuccore/KY325482,2016.65,Genbank,2016-08-24
USA/2016/FL032,Kx922705,2016-08-05,North America,USA,USA,Grubaugh Et Al,Nature  2017  In Press,Genomic Epidemiology Reveals Multiple Introductions Of Zika Virus Into The United States,https://www.ncbi.nlm.nih.gov/nuccore/KX922705,2016.59,Genbank,2016-08-05
Aedes_aegypti/USA/2016/FL04,Kx922708,2016-09-04,North America,USA,USA,Grubaugh Et Al,Nature  2017  In Press,Genomic Epidemiology Reveals Multiple Introductions Of Zika Virus Into The United States,https://www.ncbi.nlm.nih.gov/nuccore/KX922708,2016.68,Genbank,2016-09-04
USA/2016/MA_WGS16_034,Ky785459,2016-08-15,North America,USA,USA,Metsky Et Al,Nature 546  7658  411-415  2017 ,Zika Virus Evolution And Spread In The Americas,https://www.ncbi.nlm.nih.gov/nuccore/KY785459,2016.62,Genbank,2016-08-15
Aedes_aegypti/USA/2016/FL03,Kx838906,2016-08-23,North America,USA,USA,Grubaugh Et Al,Nature  2017  In Press,Genomic Epidemiology Reveals Multiple Introductions Of Zika Virus Into The United States,https://www.ncbi.nlm.nih.gov/nuccore/KX838906,2016.64,Genbank,2016-08-23
USA/2016/FL035,Ky785440,2016-08-03,North America,USA,USA,Metsky Et Al,Nature 546  7658  411-415  2017 ,Zika Virus Evolution And Spread In The Americas,https://www.ncbi.nlm.nih.gov/nuccore/KY785440,2016.59,Genbank,2016-08-03
USA/2016/FLUR026,Ky325474,2016-09-13,North America,USA,USA,Grubaugh Et Al,Nature  2017  In Press,Genomic Epidemiology Reveals Multiple Introductions Of Zika Virus Into The United States,https://www.ncbi.nlm.nih.gov/nuccore/KY325474,2016.70,Genbank,2016-09-13
DOM/2016/MA_WGS16_007,Ky785453,2016-05-10,North America,Dominican Republic,Dominican Republic,Metsky Et Al,Nature 546  7658  411-415  2017 ,Zika Virus Evolution And Spread In The Americas,https://www.ncbi.nlm.nih.gov/nuccore/KY785453,2016.36,Genbank,2016-05-10
DOM/2016/BB_0208,Ky014300,2016-04-20,North America,Dominican Republic,Dominican Republic,Metsky Et Al,Nature 546  7658  411-415  2017 ,Zika Virus Evolution And Spread In The Americas,https://www.ncbi.nlm.nih.gov/nuccore/KY014300,2016.30,Genbank,2016-04-20
JAM/2016/MA_WGS16_041,Ky785432,2016-10-12,North America,Jamaica,Jamaica,Metsky Et Al,Nature 546  7658  411-415  2017 ,Zika Virus Evolution And Spread In The Americas,https://www.ncbi.nlm.nih.gov/nuccore/KY785432,2016.78,Genbank,2016-10-12
JAM/2016/MA_WGS16_039,Ky785430,2016-09-28,North America,Jamaica,Jamaica,Metsky Et Al,Nature 546  7658  411-415  2017 ,Zika Virus Evolution And Spread In The Americas,https://www.ncbi.nlm.nih.gov/nuccore/KY785430,2016.74,Genbank,2016-09-28
JAM/2016/MA_WGS16_025,Ky785424,2016-07-10,North America,Jamaica,Jamaica,Metsky Et Al,Nature 546  7658  411-415  2017 ,Zika Virus Evolution And Spread In The Americas,https://www.ncbi.nlm.nih.gov/nuccore/KY785424,2016.52,Genbank,2016-07-10
USVI/7/2016,Vi7,2016-10-27,North America,USVI,Saint Thomas,Black Et Al,?,Genetic Characterization Of The Zika Virus Epidemic In The Us Virgin Islands,https://github.com/blab/zika-usvi/tree/master/data,2016.82,Fh,2016-10-27
Dominican_Rep_Rus_4MRG_2016,Mf098765,2016-05-23,North America,Dominican Republic,Dominican Republic,Karan Et Al,Unpublished,Imported Cases Of Zika Virus Disease In Russia In 2016-2017,https://www.ncbi.nlm.nih.gov/nuccore/MF098765,2016.39,Genbank,2016-05-23
DOM/2016/BB_0059,Ky785425,2016-04-04,North America,Dominican Republic,Dominican Republic,Metsky Et Al,Nature 546  7658  411-415  2017 ,Zika Virus Evolution And Spread In The Americas,https://www.ncbi.nlm.nih.gov/nuccore/KY785425,2016.26,Genbank,2016-04-04
USA/2016/FL029,Ky785457,2016-08-01,North America,USA,USA,Metsky Et Al,Nature 546  7658  411-415  2017 ,Zika Virus Evolution And Spread In The Americas,https://www.ncbi.nlm.nih.gov/nuccore/KY785457,2016.58,Genbank,2016-08-01
USA/2016/FL028,Ky785443,2016-08-01,North America,USA,USA,Metsky Et Al,Nature 546  7658  411-415  2017 ,Zika Virus Evolution And Spread In The Americas,https://www.ncbi.nlm.nih.gov/nuccore/KY785443,2016.58,Genbank,2016-08-01
USA/2016/FL022,Ky075935,2016-07-22,North America,USA,USA,Grubaugh Et Al,Nature  2017  In Press,Genomic Epidemiology Reveals Multiple Introductions Of Zika Virus Into The United States,https://www.ncbi.nlm.nih.gov/nuccore/KY075935,2016.56,Genbank,2016-07-22
USA/2016/FLUR006,Ky325467,2016-07-29,North America,USA,USA,Grubaugh Et Al,Nature  2017  In Press,Genomic Epidemiology Reveals Multiple Introductions Of Zika Virus Into The United States,https://www.ncbi.nlm.nih.gov/nuccore/KY325467,2016.57,Genbank,2016-07-29
USA/2016/FLUR005,Ky325481,2016-07-29,North America,USA,USA,Grubaugh Et Al,Nature  2017  In Press,Genomic Epidemiology Reveals Multiple Introductions Of Zika Virus Into The United States,https://www.ncbi.nlm.nih.gov/nuccore/KY325481,2016.57,Genbank,2016-07-29
HTI/2016/MA_WGS16_022,Ky785482,2016-07-05,North America,Haiti,Haiti,Metsky Et Al,Nature 546  7658  411-415  2017 ,Zika Virus Evolution And Spread In The Americas,https://www.ncbi.nlm.nih.gov/nuccore/KY785482,2016.51,Genbank,2016-07-05
USA/2016/FL030,Kx922704,2016-08-02,North America,USA,USA,Grubaugh Et Al,Nature  2017  In Press,Genomic Epidemiology Reveals Multiple Introductions Of Zika Virus Into The United States,https://www.ncbi.nlm.nih.gov/nuccore/KX922704,2016.59,Genbank,2016-08-02
USA/2016/FL038,Kx922706,2016-08-05,North America,USA,USA,Grubaugh Et Al,Nature  2017  In Press,Genomic Epidemiology Reveals Multiple Introductions Of Zika Virus Into The United States,https://www.ncbi.nlm.nih.gov/nuccore/KX922706,2016.59,Genbank,2016-08-05
USA/2016/FL021,Kx922703,2016-07-19,North America,USA,USA,Grubaugh Et Al,Nature  2017  In Press,Genomic Epidemiology Reveals Multiple Introductions Of Zika Virus Into The United States,https://www.ncbi.nlm.nih.gov/nuccore/KX922703,2016.55,Genbank,2016-07-19
USA/2016/FLUR002,Ky325466,2016-07-28,North America,USA,USA,Grubaugh Et Al,Nature  2017  In Press,Genomic Epidemiology Reveals Multiple Introductions Of Zika Virus Into The United States,https://www.ncbi.nlm.nih.gov/nuccore/KY325466,2016.57,Genbank,2016-07-28
Aedes_aegypti/USA/2016/FL08,Ky075939,2016-10-05,North America,USA,USA,Grubaugh Et Al,Nature  2017  In Press,Genomic Epidemiology Reveals Multiple Introductions Of Zika Virus Into The United States,https://www.ncbi.nlm.nih.gov/nuccore/KY075939,2016.76,Genbank,2016-10-05
USA/2016/FLUR007,Ky325468,2016-08-04,North America,USA,USA,Grubaugh Et Al,Nature  2017  In Press,Genomic Epidemiology Reveals Multiple Introductions Of Zika Virus Into The United States,https://www.ncbi.nlm.nih.gov/nuccore/KY325468,2016.59,Genbank,2016-08-04
USA/2016/FLUR008,Ky325469,2016-08-04,North America,USA,USA,Grubaugh Et Al,Nature  2017  In Press,Genomic Epidemiology Reveals Multiple Introductions Of Zika Virus Into The United States,https://www.ncbi.nlm.nih.gov/nuccore/KY325469,2016.59,Genbank,2016-08-04
USA/2016/FLUR001,Ky325480,2016-07-28,North America,USA,USA,Grubaugh Et Al,Nature  2017  In Press,Genomic Epidemiology Reveals Multiple Introductions Of Zika Virus Into The United States,https://www.ncbi.nlm.nih.gov/nuccore/KY325480,2016.57,Genbank,2016-07-28
USA/2016/FLUR009,Ky325470,2016-08-04,North America,USA,USA,Grubaugh Et Al,Nature  2017  In Press,Genomic Epidemiology Reveals Multiple Introductions Of Zika Virus Into The United States,https://www.ncbi.nlm.nih.gov/nuccore/KY325470,2016.59,Genbank,2016-08-04
USA/2016/FLUR057,Ky325475,2016-10-05,North America,USA,USA,Grubaugh Et Al,Nature  2017  In Press,Genomic Epidemiology Reveals Multiple Introductions Of Zika Virus Into The United States,https://www.ncbi.nlm.nih.gov/nuccore/KY325475,2016.76,Genbank,2016-10-05
USA/2016/FLWB042,Ky325478,2016-09-26,North America,USA,USA,Grubaugh Et Al,Nature  2017  In Press,Genomic Epidemiology Reveals Multiple Introductions Of Zika Virus Into The United States,https://www.ncbi.nlm.nih.gov/nuccore/KY325478,2016.74,Genbank,2016-09-26
USA/2016/FLUR013,Ky325472,2016-08-23,North America,USA,USA,Grubaugh Et Al,Nature  2017  In Press,Genomic Epidemiology Reveals Multiple Introductions Of Zika Virus Into The United States,https://www.ncbi.nlm.nih.gov/nuccore/KY325472,2016.64,Genbank,2016-08-23
USA/2016/FL010,Ky014295,2016-06-22,North America,USA,USA,Metsky Et Al,Nature 546  7658  411-415  2017 ,Zika Virus Evolution And Spread In The Americas,https://www.ncbi.nlm.nih.gov/nuccore/KY014295,2016.47,Genbank,2016-06-22
USA/2016/FLUR015,Ky325483,2016-08-24,North America,USA,USA,Grubaugh Et Al,Nature  2017  In Press,Genomic Epidemiology Reveals Multiple Introductions Of Zika Virus Into The United States,https://www.ncbi.nlm.nih.gov/nuccore/KY325483,2016.65,Genbank,2016-08-24
USA/2016/FLUR063,Ky325477,2016-10-03,North America,USA,USA,Grubaugh Et Al,Nature  2017  In Press,Genomic Epidemiology Reveals Multiple Introductions Of Zika Virus Into The United States,https://www.ncbi.nlm.nih.gov/nuccore/KY325477,2016.76,Genbank,2016-10-03
Aedes_aegypti/USA/2016/FL06,Ky075938,2016-09-20,North America,USA,USA,Grubaugh Et Al,Nature  2017  In Press,Genomic Epidemiology Reveals Multiple Introductions Of Zika Virus Into The United States,https://www.ncbi.nlm.nih.gov/nuccore/KY075938,2016.72,Genbank,2016-09-20
Brazil/2015/ZBRD116,Ky559003,2015-08-28,South America,Brazil,Brazil,Faria Et Al,Unpublished,Epidemic Establishment And Cryptic Transmission Of Zika Virus In Brazil And The Americas,https://www.ncbi.nlm.nih.gov/nuccore/KY559003,2015.65,Genbank,2015-08-28
BeH828305,Ku729218,2015-01-01,South America,Brazil,Brazil,Faria Et Al,Unpublished,Zika Virus In The Americas  Early Epidemiological And Genetic Findings,https://www.ncbi.nlm.nih.gov/nuccore/KU729218,2015.35,Genbank,2015-xx-xx
Bahia01,Kx101066,2015-05-01,South America,Brazil,Brazil,Naccache Et Al,Emerging Infect. Dis. 22  10  1788-1792  2016 ,Distinct Zika Virus Lineage In Salvador Bahia Brazil,https://www.ncbi.nlm.nih.gov/nuccore/KX101066,2015.41,Genbank,2015-05-xx
Bahia02,Kx101060,2015-05-01,South America,Brazil,Brazil,Naccache Et Al,Emerging Infect. Dis. 22  10  1788-1792  2016 ,Distinct Zika Virus Lineage In Salvador Bahia Brazil,https://www.ncbi.nlm.nih.gov/nuccore/KX101060,2015.33,Genbank,2015-05-xx
Bahia07,Ku940228,2015-07-01,South America,Brazil,Brazil,Naccache Et Al,Emerging Infect. Dis. 22  10  1788-1792  2016 ,Distinct Zika Virus Lineage In Salvador Bahia Brazil,https://www.ncbi.nlm.nih.gov/nuccore/KU940228,2015.50,Genbank,2015-07-01
Bahia09,Ku940224,2015-08-01,South America,Brazil,Brazil,Naccache Et Al,Emerging Infect. Dis. 22  10  1788-1792  2016 ,Distinct Zika Virus Lineage In Salvador Bahia Brazil,https://www.ncbi.nlm.nih.gov/nuccore/KU940224,2015.58,Genbank,2015-08-01
HS_2015_BA_01,Kx520666,2015-08-01,South America,Brazil,Brazil,Teixeira Et Al,Unpublished,Full Coding Sequence Of The Zika Virus Isolate Hs-2015-ba-01,https://www.ncbi.nlm.nih.gov/nuccore/KX520666,2015.66,Genbank,2015-08-xx
Bahia03,Kx101061,2015-05-01,South America,Brazil,Brazil,Naccache Et Al,Emerging Infect. Dis. 22  10  1788-1792  2016 ,Distinct Zika Virus Lineage In Salvador Bahia Brazil,https://www.ncbi.nlm.nih.gov/nuccore/KX101061,2015.41,Genbank,2015-05-xx
Bahia08,Ku940227,2015-07-15,South America,Brazil,Brazil,Naccache Et Al,Emerging Infect. Dis. 22  10  1788-1792  2016 ,Distinct Zika Virus Lineage In Salvador Bahia Brazil,https://www.ncbi.nlm.nih.gov/nuccore/KU940227,2015.53,Genbank,2015-07-15
Bahia15,Kx101065,2016-01-01,South America,Brazil,Brazil,Naccache Et Al,Emerging Infect. Dis. 22  10  1788-1792  2016 ,Distinct Zika Virus Lineage In Salvador Bahia Brazil,https://www.ncbi.nlm.nih.gov/nuccore/KX101065,2016.00,Genbank,2016-01-xx
USVI/36/2016,Vi36,2016-09-13,North America,USVI,Saint Croix,Black Et Al,?,Genetic Characterization Of The Zika Virus Epidemic In The Us Virgin Islands,https://github.com/blab/zika-usvi/tree/master/data,2016.70,Fh,2016-09-13
Brazil/2016/ZBRX1,Ky559005,2016-04-18,South America,Brazil,Brazil,Faria Et Al,Unpublished,Epidemic Establishment And Cryptic Transmission Of Zika Virus In Brazil And The Americas,https://www.ncbi.nlm.nih.gov/nuccore/KY559005,2016.30,Genbank,2016-04-18
Brazil/2016/ZBRX137,Ky559024,2016-03-03,South America,Brazil,Brazil,Faria Et Al,Unpublished,Epidemic Establishment And Cryptic Transmission Of Zika Virus In Brazil And The Americas,https://www.ncbi.nlm.nih.gov/nuccore/KY559024,2016.17,Genbank,2016-03-03
Brazil/2016/ZBRX6,Ky559008,2016-04-19,South America,Brazil,Brazil,Faria Et Al,Unpublished,Epidemic Establishment And Cryptic Transmission Of Zika Virus In Brazil And The Americas,https://www.ncbi.nlm.nih.gov/nuccore/KY559008,2016.30,Genbank,2016-04-19
Brazil/2016/ZBRX103,Ky559019,2016-05-24,South America,Brazil,Brazil,Faria Et Al,Unpublished,Epidemic Establishment And Cryptic Transmission Of Zika Virus In Brazil And The Americas,https://www.ncbi.nlm.nih.gov/nuccore/KY559019,2016.39,Genbank,2016-05-24
Brazil/2016/ZBRX13,Ky559013,2016-04-24,South America,Brazil,Brazil,Faria Et Al,Unpublished,Epidemic Establishment And Cryptic Transmission Of Zika Virus In Brazil And The Americas,https://www.ncbi.nlm.nih.gov/nuccore/KY559013,2016.31,Genbank,2016-04-24
Brazil/2016/ZBRX7,Ky559009,2016-04-19,South America,Brazil,Brazil,Faria Et Al,Unpublished,Epidemic Establishment And Cryptic Transmission Of Zika Virus In Brazil And The Americas,https://www.ncbi.nlm.nih.gov/nuccore/KY559009,2016.30,Genbank,2016-04-19
Brazil/2016/ZBRX12,Ky559012,2016-04-19,South America,Brazil,Brazil,Faria Et Al,Unpublished,Epidemic Establishment And Cryptic Transmission Of Zika Virus In Brazil And The Americas,https://www.ncbi.nlm.nih.gov/nuccore/KY559012,2016.30,Genbank,2016-04-19
Brazil/2016/ZBRX100,Ky559017,2016-05-19,South America,Brazil,Brazil,Faria Et Al,Unpublished,Epidemic Establishment And Cryptic Transmission Of Zika Virus In Brazil And The Americas,https://www.ncbi.nlm.nih.gov/nuccore/KY559017,2016.38,Genbank,2016-05-19
Brazil/2016/ZBRX11,Ky559011,2016-04-19,South America,Brazil,Brazil,Faria Et Al,Unpublished,Epidemic Establishment And Cryptic Transmission Of Zika Virus In Brazil And The Americas,https://www.ncbi.nlm.nih.gov/nuccore/KY559011,2016.30,Genbank,2016-04-19
Brazil/2016/ZBRX8,Ky559010,2016-04-19,South America,Brazil,Brazil,Faria Et Al,Unpublished,Epidemic Establishment And Cryptic Transmission Of Zika Virus In Brazil And The Americas,https://www.ncbi.nlm.nih.gov/nuccore/KY559010,2016.30,Genbank,2016-04-19
BRA/2016/FC_5790,Ky785446,2016-03-22,South America,Brazil,Brazil,Metsky Et Al,Nature 546  7658  411-415  2017 ,Zika Virus Evolution And Spread In The Americas,https://www.ncbi.nlm.nih.gov/nuccore/KY785446,2016.22,Genbank,2016-03-22
V9,Kx197205,2015-12-01,South America,Brazil,Brazil,Miranda Et Al,Unpublished,Brazilian Zika Virus Genome Sequence,https://www.ncbi.nlm.nih.gov/nuccore/KX197205,2015.91,Genbank,2015-12-01
DOM/2016/BB_0085,Ky785483,2016-04-07,North America,Dominican Republic,Dominican Republic,Metsky Et Al,Nature 546  7658  411-415  2017 ,Zika Virus Evolution And Spread In The Americas,https://www.ncbi.nlm.nih.gov/nuccore/KY785483,2016.27,Genbank,2016-04-07
BRA/2016/FC_6696,Ky014313,2016-04-05,South America,Brazil,Brazil,Metsky Et Al,Nature 546  7658  411-415  2017 ,Zika Virus Evolution And Spread In The Americas,https://www.ncbi.nlm.nih.gov/nuccore/KY014313,2016.26,Genbank,2016-04-05
BRA/2016/FC_DQ58D1,Ky785427,2016-03-30,South America,Brazil,Brazil,Metsky Et Al,Nature 546  7658  411-415  2017 ,Zika Virus Evolution And Spread In The Americas,https://www.ncbi.nlm.nih.gov/nuccore/KY785427,2016.24,Genbank,2016-03-30
BRA/2016/FC_DQ107D1,Ky014301,2016-04-13,South America,Brazil,Brazil,Metsky Et Al,Nature 546  7658  411-415  2017 ,Zika Virus Evolution And Spread In The Americas,https://www.ncbi.nlm.nih.gov/nuccore/KY014301,2016.28,Genbank,2016-04-13
BRA/2016/FC_DQ131D1,Ky014296,2016-04-18,South America,Brazil,Brazil,Metsky Et Al,Nature 546  7658  411-415  2017 ,Zika Virus Evolution And Spread In The Americas,https://www.ncbi.nlm.nih.gov/nuccore/KY014296,2016.30,Genbank,2016-04-18
BRA/2016/FC_DQ42D1,Ky014320,2016-03-23,South America,Brazil,Brazil,Metsky Et Al,Nature 546  7658  411-415  2017 ,Zika Virus Evolution And Spread In The Americas,https://www.ncbi.nlm.nih.gov/nuccore/KY014320,2016.22,Genbank,2016-03-23
BRA/2016/FC_DQ28D1,Ky014317,2016-03-21,South America,Brazil,Brazil,Metsky Et Al,Nature 546  7658  411-415  2017 ,Zika Virus Evolution And Spread In The Americas,https://www.ncbi.nlm.nih.gov/nuccore/KY014317,2016.22,Genbank,2016-03-21
BRA/2016/FC_DQ47D1,Ky014309,2016-03-28,South America,Brazil,Brazil,Metsky Et Al,Nature 546  7658  411-415  2017 ,Zika Virus Evolution And Spread In The Americas,https://www.ncbi.nlm.nih.gov/nuccore/KY014309,2016.24,Genbank,2016-03-28
Brazil/2016/ZBRY8,Ky559031,2016-01-01,South America,Brazil,Brazil,Faria Et Al,Unpublished,Epidemic Establishment And Cryptic Transmission Of Zika Virus In Brazil And The Americas,https://www.ncbi.nlm.nih.gov/nuccore/KY559031,2016.00,Genbank,2016-01-xx
Brazil/2016/ZBRY10,Ky559030,2016-01-01,South America,Brazil,Brazil,Faria Et Al,Unpublished,Epidemic Establishment And Cryptic Transmission Of Zika Virus In Brazil And The Americas,https://www.ncbi.nlm.nih.gov/nuccore/KY559030,2016.00,Genbank,2016-01-xx
Brazil_ZKV2015,Ku497555,2015-11-30,South America,Brazil,Brazil,Calvet Et Al,Lancet Infect Dis 16  6  653-660  2016 ,Detection And Sequencing Of Zika Virus From Amniotic Fluid Of Fetuses With Microcephaly In Brazil  A Case Study,https://www.ncbi.nlm.nih.gov/nuccore/KU497555,2015.91,Genbank,2015-11-30
Brazil/2015/ZBRC301,Ky558995,2015-05-13,South America,Brazil,Brazil,Faria Et Al,Unpublished,Epidemic Establishment And Cryptic Transmission Of Zika Virus In Brazil And The Americas,https://www.ncbi.nlm.nih.gov/nuccore/KY558995,2015.36,Genbank,2015-05-13
Brazil/2015/ZBRD103,Ky559001,2015-08-20,South America,Brazil,Brazil,Faria Et Al,Unpublished,Epidemic Establishment And Cryptic Transmission Of Zika Virus In Brazil And The Americas,https://www.ncbi.nlm.nih.gov/nuccore/KY559001,2015.63,Genbank,2015-08-20
Brazil/2015/ZBRD107,Ky559002,2015-09-09,South America,Brazil,Brazil,Faria Et Al,Unpublished,Epidemic Establishment And Cryptic Transmission Of Zika Virus In Brazil And The Americas,https://www.ncbi.nlm.nih.gov/nuccore/KY559002,2015.69,Genbank,2015-09-09
Brazil/2016/ZBRX128,Ky559022,2016-03-13,South America,Brazil,Brazil,Faria Et Al,Unpublished,Epidemic Establishment And Cryptic Transmission Of Zika Virus In Brazil And The Americas,https://www.ncbi.nlm.nih.gov/nuccore/KY559022,2016.20,Genbank,2016-03-13
Brazil/2016/INMI1,Ku991811,2016-03-06,South America,Brazil,Brazil,Carletti Et Al,Unpublished,Isolation Of Infectious Zika Virus From Sera In A Traveller Returning From Brazil To Italy,https://www.ncbi.nlm.nih.gov/nuccore/KU991811,2016.18,Genbank,2016-03-06
Brazil/2016/ZBRC18,Ky558992,2016-01-06,South America,Brazil,Brazil,Faria Et Al,Unpublished,Epidemic Establishment And Cryptic Transmission Of Zika Virus In Brazil And The Americas,https://www.ncbi.nlm.nih.gov/nuccore/KY558992,2016.01,Genbank,2016-01-06
BRA/2016/FC_DQ49D1,Ky014307,2016-03-28,South America,Brazil,Brazil,Metsky Et Al,Nature 546  7658  411-415  2017 ,Zika Virus Evolution And Spread In The Americas,https://www.ncbi.nlm.nih.gov/nuccore/KY014307,2016.24,Genbank,2016-03-28
Brazil/2016/ZBRY6,Ky559027,2016-02-16,South America,Brazil,Brazil,Faria Et Al,Unpublished,Epidemic Establishment And Cryptic Transmission Of Zika Virus In Brazil And The Americas,https://www.ncbi.nlm.nih.gov/nuccore/KY559027,2016.13,Genbank,2016-02-16
BRA/2016/FC_6703,Ky785439,2016-04-08,South America,Brazil,Brazil,Metsky Et Al,Nature 546  7658  411-415  2017 ,Zika Virus Evolution And Spread In The Americas,https://www.ncbi.nlm.nih.gov/nuccore/KY785439,2016.27,Genbank,2016-04-08
Brazil/2015/ZBRC303,Ky558997,2015-05-14,South America,Brazil,Brazil,Faria Et Al,Unpublished,Epidemic Establishment And Cryptic Transmission Of Zika Virus In Brazil And The Americas,https://www.ncbi.nlm.nih.gov/nuccore/KY558997,2015.36,Genbank,2015-05-14
BRA/2016/FC_DQ62D1,Ky785480,2016-03-30,South America,Brazil,Brazil,Metsky Et Al,Nature 546  7658  411-415  2017 ,Zika Virus Evolution And Spread In The Americas,https://www.ncbi.nlm.nih.gov/nuccore/KY785480,2016.24,Genbank,2016-03-30
Brazil/2015/ZBRC313,Ky558998,2015-06-15,South America,Brazil,Brazil,Faria Et Al,Unpublished,Epidemic Establishment And Cryptic Transmission Of Zika Virus In Brazil And The Americas,https://www.ncbi.nlm.nih.gov/nuccore/KY558998,2015.45,Genbank,2015-06-15
Brazil/2016/ZBRX15,Ky559015,2016-04-24,South America,Brazil,Brazil,Faria Et Al,Unpublished,Epidemic Establishment And Cryptic Transmission Of Zika Virus In Brazil And The Americas,https://www.ncbi.nlm.nih.gov/nuccore/KY559015,2016.31,Genbank,2016-04-24
Brazil/2016/ZBRC319,Ky558999,2016-07-10,South America,Brazil,Brazil,Faria Et Al,Unpublished,Epidemic Establishment And Cryptic Transmission Of Zika Virus In Brazil And The Americas,https://www.ncbi.nlm.nih.gov/nuccore/KY558999,2016.52,Genbank,2016-07-10
Brazil/2015/ZBRC302,Ky558996,2015-05-13,South America,Brazil,Brazil,Faria Et Al,Unpublished,Epidemic Establishment And Cryptic Transmission Of Zika Virus In Brazil And The Americas,https://www.ncbi.nlm.nih.gov/nuccore/KY558996,2015.36,Genbank,2015-05-13
COL/FCC00093/2015,Kx548902,2015-10-07,South America,Colombia,Colombia,Leguia Et Al,Unpublished,Full Genomic Characterization Of A Zika Virus Isolate From Colombia,https://www.ncbi.nlm.nih.gov/nuccore/KX548902,2015.76,Genbank,2015-10-07
Colombia/2016/ZC192Se,Ky317937,2016-01-07,South America,Colombia,Colombia,Quick Et Al,Nat Protoc 12  6  1261-1276  2017 ,Multiplex Pcr Method For Minion And Illumina Sequencing Of Zika And Other Virus Genomes Directly From Clinical Samples,https://www.ncbi.nlm.nih.gov/nuccore/KY317937,2016.02,Genbank,2016-01-07
FPI15263/PERU/Loreto/2016,Ky693679,2016-07-11,South America,Peru,Peru,Leguia Et Al,Unpublished,Full-genome Amplification And Sequencing Of Zika Viruses Using A Targeted Amplification Approach,https://www.ncbi.nlm.nih.gov/nuccore/KY693679,2016.53,Genbank,2016-07-11
FPI15198/PERU/Loreto/2016,Ky693678,2016-06-28,South America,Peru,Peru,Leguia Et Al,Unpublished,Full-genome Amplification And Sequencing Of Zika Viruses Using A Targeted Amplification Approach,https://www.ncbi.nlm.nih.gov/nuccore/KY693678,2016.49,Genbank,2016-06-28
Martinique/2016/FL001Sa,Ky075932,2016-03-22,North America,Martinique,Martinique,Grubaugh Et Al,Nature  2017  In Press,Genomic Epidemiology Reveals Multiple Introductions Of Zika Virus Into The United States,https://www.ncbi.nlm.nih.gov/nuccore/KY075932,2016.22,Genbank,2016-03-22
Martinique/2016/FL001,Ky785451,2016-03-22,North America,Martinique,Martinique,Metsky Et Al,Nature 546  7658  411-415  2017 ,Zika Virus Evolution And Spread In The Americas,https://www.ncbi.nlm.nih.gov/nuccore/KY785451,2016.22,Genbank,2016-03-22
MEX/InDRE/2016,Ku922960,2016-02-25,North America,Mexico,Mexico,Diaz-quinonez Et Al,Unpublished,Molecular Characterization Of Zika Virus In Mexico,https://www.ncbi.nlm.nih.gov/nuccore/KU922960,2016.15,Genbank,2016-02-25
MRS_OPY_Martinique_PaRi_2015,Ku647676,2015-12-01,North America,Martinique,Martinique,Piorkowski Et Al,New Microbes New Infect 11 52-53  2016 ,Complete Coding Sequence Of Zika Virus From Martinique Outbreak In 2015,https://www.ncbi.nlm.nih.gov/nuccore/KU647676,2015.91,Genbank,2015-12-xx
Colombia/2016/ZC207Se,Ky317940,2016-01-09,South America,Colombia,Colombia,Quick Et Al,Nat Protoc 12  6  1261-1276  2017 ,Multiplex Pcr Method For Minion And Illumina Sequencing Of Zika And Other Virus Genomes Directly From Clinical Samples,https://www.ncbi.nlm.nih.gov/nuccore/KY317940,2016.02,Genbank,2016-01-09
Colombia/2016/ZC199Se,Ky317938,2016-01-10,South America,Colombia,Colombia,Quick Et Al,Nat Protoc 12  6  1261-1276  2017 ,Multiplex Pcr Method For Minion And Illumina Sequencing Of Zika And Other Virus Genomes Directly From Clinical Samples,https://www.ncbi.nlm.nih.gov/nuccore/KY317938,2016.02,Genbank,2016-01-10
Colombia/2016/ZC188Se,Ky317936,2016-01-16,South America,Colombia,Colombia,Quick Et Al,Nat Protoc 12  6  1261-1276  2017 ,Multiplex Pcr Method For Minion And Illumina Sequencing Of Zika And Other Virus Genomes Directly From Clinical Samples,https://www.ncbi.nlm.nih.gov/nuccore/KY317936,2016.04,Genbank,2016-01-16
Colombia/2016/ZC204Se,Ky317939,2016-01-06,South America,Colombia,Colombia,Quick Et Al,Nat Protoc 12  6  1261-1276  2017 ,Multiplex Pcr Method For Minion And Illumina Sequencing Of Zika And Other Virus Genomes Directly From Clinical Samples,https://www.ncbi.nlm.nih.gov/nuccore/KY317939,2016.01,Genbank,2016-01-06
PAN/BEI_259634_V4/2016,Kx198135,2016-01-01,North America,Panama,Panama,Shabman Et Al,Submitted  05-may-2016  J. Craig Venter Institute 9704 Medical Center Drive Rockville Md 20850 Usa,Direct Submission,https://www.ncbi.nlm.nih.gov/nuccore/KX198135,2016.17,Genbank,2016-xx-xx
COL/2016/SU_1856A,Ky785466,2016-04-28,South America,Colombia,Colombia,Metsky Et Al,Nature 546  7658  411-415  2017 ,Zika Virus Evolution And Spread In The Americas,https://www.ncbi.nlm.nih.gov/nuccore/KY785466,2016.32,Genbank,2016-04-28
DOM/2016/BB_0127,Ky014303,2016-04-11,North America,Dominican Republic,Dominican Republic,Metsky Et Al,Nature 546  7658  411-415  2017 ,Zika Virus Evolution And Spread In The Americas,https://www.ncbi.nlm.nih.gov/nuccore/KY014303,2016.28,Genbank,2016-04-11
COL/2016/SU_2293A,Ky785477,2016-06-09,South America,Colombia,Colombia,Metsky Et Al,Nature 546  7658  411-415  2017 ,Zika Virus Evolution And Spread In The Americas,https://www.ncbi.nlm.nih.gov/nuccore/KY785477,2016.44,Genbank,2016-06-09
COL/2016/SU_2724A,Ky785469,2016-04-05,South America,Colombia,Colombia,Metsky Et Al,Nature 546  7658  411-415  2017 ,Zika Virus Evolution And Spread In The Americas,https://www.ncbi.nlm.nih.gov/nuccore/KY785469,2016.26,Genbank,2016-04-05
COL/2016/SU_1810A,Ky785417,2016-04-06,South America,Colombia,Colombia,Metsky Et Al,Nature 546  7658  411-415  2017 ,Zika Virus Evolution And Spread In The Americas,https://www.ncbi.nlm.nih.gov/nuccore/KY785417,2016.26,Genbank,2016-04-06
FLA,Ky989971,2015-12-01,South America,Colombia,Colombia,Kneubehl Et Al,Submitted  26-apr-2017  Molecular Virology And Microbiology Baylor College Of Medicine One Baylor Plaza Houston Tx 77030 Usa,Direct Submission,https://www.ncbi.nlm.nih.gov/nuccore/KY989971,2015.91,Genbank,2015-12-xx
PAN/CDC_259249_V1_V3/2015,Kx156775,2015-12-11,North America,Panama,Panama,Shabman Et Al,Submitted  29-apr-2016  J. Craig Venter Institute 9704 Medical Center Drive Rockville Md 20850 Usa,Direct Submission,https://www.ncbi.nlm.nih.gov/nuccore/KX156775,2015.94,Genbank,2015-12-11
PAN/CDC_259364_V1_V2/2015,Kx156776,2015-12-18,North America,Panama,Panama,Shabman Et Al,Submitted  29-apr-2016  J. Craig Venter Institute 9704 Medical Center Drive Rockville Md 20850 Usa,Direct Submission,https://www.ncbi.nlm.nih.gov/nuccore/KX156776,2015.96,Genbank,2015-12-18
PAN/CDC_259359_V1_V3/2015,Kx156774,2015-12-18,North America,Panama,Panama,Shabman Et Al,Submitted  29-apr-2016  J. Craig Venter Institute 9704 Medical Center Drive Rockville Md 20850 Usa,Direct Submission,https://www.ncbi.nlm.nih.gov/nuccore/KX156774,2015.96,Genbank,2015-12-18
COL/PAN_00030/2015,Mf574587,2016-12-01,South America,Colombia,Colombia,Pickett Et Al,Submitted  30-jul-2017  J. Craig Venter Institute 9704 Medical Center Drive Rockville Md 20850 Usa,Direct Submission,https://www.ncbi.nlm.nih.gov/nuccore/MF574587,2016.92,Genbank,2016-12-xx
COL/PAN_00029/2015,Mf574585,2016-12-01,South America,Colombia,Colombia,Pickett Et Al,Submitted  30-jul-2017  J. Craig Venter Institute 9704 Medical Center Drive Rockville Md 20850 Usa,Direct Submission,https://www.ncbi.nlm.nih.gov/nuccore/MF574585,2016.92,Genbank,2016-12-xx
VEN/UF_1/2016,Kx702400,2016-03-25,South America,Venezuela,Venezuela,Blohm Et Al,Genome Announc 5  17  E00231-17  2017 ,Complete Genome Sequences Of Identical Zika Virus Isolates In A Nursing Mother And Her Infant,https://www.ncbi.nlm.nih.gov/nuccore/KX702400,2016.23,Genbank,2016-03-25
COL/UF_1/2016,Kx247646,2016-02-09,South America,Colombia,Colombia,Lednicky Et Al,Unpublished,Complete Genomic Sequence Of Zika Virus Isolated From A Traveler To Colombia In 2016,https://www.ncbi.nlm.nih.gov/nuccore/KX247646,2016.11,Genbank,2016-02-09
COL/FLR_00004/2015,Mf574561,2015-12-01,South America,Colombia,Colombia,Pickett Et Al,Submitted  28-jul-2017  J. Craig Venter Institute 9704 Medical Center Drive Rockville Md 20850 Usa,Direct Submission,https://www.ncbi.nlm.nih.gov/nuccore/MF574561,2016.00,Genbank,2015-12-xx
COL/FLR_00011/2015,Mf574565,2015-12-01,South America,Colombia,Colombia,Pickett Et Al,Submitted  28-jul-2017  J. Craig Venter Institute 9704 Medical Center Drive Rockville Md 20850 Usa,Direct Submission,https://www.ncbi.nlm.nih.gov/nuccore/MF574565,2015.93,Genbank,2015-12-xx
COL/FLR_00002/2015,Mf574559,2015-12-01,South America,Colombia,Colombia,Pickett Et Al,Submitted  28-jul-2017  J. Craig Venter Institute 9704 Medical Center Drive Rockville Md 20850 Usa,Direct Submission,https://www.ncbi.nlm.nih.gov/nuccore/MF574559,2016.00,Genbank,2015-12-xx
COL/FLR_00006/2015,Mf574555,2015-12-01,South America,Colombia,Colombia,Pickett Et Al,Submitted  28-jul-2017  J. Craig Venter Institute 9704 Medical Center Drive Rockville Md 20850 Usa,Direct Submission,https://www.ncbi.nlm.nih.gov/nuccore/MF574555,2016.00,Genbank,2015-12-xx
COL/FLR_00005/2015,Mf574571,2015-12-01,South America,Colombia,Colombia,Pickett Et Al,Submitted  28-jul-2017  J. Craig Venter Institute 9704 Medical Center Drive Rockville Md 20850 Usa,Direct Submission,https://www.ncbi.nlm.nih.gov/nuccore/MF574571,2015.97,Genbank,2015-12-xx
COL/FLR_00008/2015,Mf574562,2015-12-01,South America,Colombia,Colombia,Pickett Et Al,Submitted  28-jul-2017  J. Craig Venter Institute 9704 Medical Center Drive Rockville Md 20850 Usa,Direct Submission,https://www.ncbi.nlm.nih.gov/nuccore/MF574562,2016.00,Genbank,2015-12-xx
COL/FLR_00016/2015,Mf574575,2015-12-01,South America,Colombia,Colombia,Pickett Et Al,Submitted  28-jul-2017  J. Craig Venter Institute 9704 Medical Center Drive Rockville Md 20850 Usa,Direct Submission,https://www.ncbi.nlm.nih.gov/nuccore/MF574575,2016.00,Genbank,2015-12-xx
COL/FLR_00014/2015,Mf574576,2015-12-01,South America,Colombia,Colombia,Pickett Et Al,Submitted  28-jul-2017  J. Craig Venter Institute 9704 Medical Center Drive Rockville Md 20850 Usa,Direct Submission,https://www.ncbi.nlm.nih.gov/nuccore/MF574576,2015.95,Genbank,2015-12-xx
COL/FLR_00024/2015,Mf574569,2015-12-01,South America,Colombia,Colombia,Pickett Et Al,Submitted  28-jul-2017  J. Craig Venter Institute 9704 Medical Center Drive Rockville Md 20850 Usa,Direct Submission,https://www.ncbi.nlm.nih.gov/nuccore/MF574569,2015.91,Genbank,2015-12-xx
COL/FLR_00025/2015,Mf574563,2015-12-01,South America,Colombia,Colombia,Pickett Et Al,Submitted  28-jul-2017  J. Craig Venter Institute 9704 Medical Center Drive Rockville Md 20850 Usa,Direct Submission,https://www.ncbi.nlm.nih.gov/nuccore/MF574563,2016.00,Genbank,2015-12-xx
COL/FLR_00026/2015,Mf574564,2015-12-01,South America,Colombia,Colombia,Pickett Et Al,Submitted  28-jul-2017  J. Craig Venter Institute 9704 Medical Center Drive Rockville Md 20850 Usa,Direct Submission,https://www.ncbi.nlm.nih.gov/nuccore/MF574564,2015.95,Genbank,2015-12-xx
COL/FLR_00020/2015,Mf574577,2015-12-01,South America,Colombia,Colombia,Pickett Et Al,Submitted  28-jul-2017  J. Craig Venter Institute 9704 Medical Center Drive Rockville Md 20850 Usa,Direct Submission,https://www.ncbi.nlm.nih.gov/nuccore/MF574577,2015.91,Genbank,2015-12-xx
COL/FLR_00017/2015,Mf574553,2015-12-01,South America,Colombia,Colombia,Pickett Et Al,Submitted  28-jul-2017  J. Craig Venter Institute 9704 Medical Center Drive Rockville Md 20850 Usa,Direct Submission,https://www.ncbi.nlm.nih.gov/nuccore/MF574553,2015.96,Genbank,2015-12-xx
COL/FLR_00001/2015,Mf574552,2015-12-01,South America,Colombia,Colombia,Pickett Et Al,Submitted  28-jul-2017  J. Craig Venter Institute 9704 Medical Center Drive Rockville Md 20850 Usa,Direct Submission,https://www.ncbi.nlm.nih.gov/nuccore/MF574552,2015.96,Genbank,2015-12-xx
FVM00318/VEN/Maracay/2016,Ky693680,2016-10-19,South America,Venezuela,Venezuela,Leguia Et Al,Unpublished,Full-genome Amplification And Sequencing Of Zika Viruses Using A Targeted Amplification Approach,https://www.ncbi.nlm.nih.gov/nuccore/KY693680,2016.80,Genbank,2016-10-19
BR/AM/16800005,Ky631492,2016-01-08,South America,Brazil,Brazil,Souza Et Al,Unpublished,Complete Genome Of A Zika Virus Isolate Amazonas Brazil 2016,https://www.ncbi.nlm.nih.gov/nuccore/KY631492,2016.02,Genbank,2016-01-08
Brazil/2016/ZBRX106,Ky559020,2016-03-07,South America,Brazil,Brazil,Faria Et Al,Unpublished,Epidemic Establishment And Cryptic Transmission Of Zika Virus In Brazil And The Americas,https://www.ncbi.nlm.nih.gov/nuccore/KY559020,2016.18,Genbank,2016-03-07
BeH819966,Ku365779,2015-01-01,South America,Brazil,Brazil,Azevedo Et Al,Unpublished,Genome Sequences Of Four Zika Virus Isolates From Brazil,https://www.ncbi.nlm.nih.gov/nuccore/KU365779,2015.50,Genbank,2015-xx-xx
SSABR1,Ku707826,2015-07-01,South America,Brazil,Brazil,Giovanetti Et Al,Infect. Genet. Evol. 41 142-145  2016 ,Zika Virus Complete Genome From Salvador Bahia Brazil,https://www.ncbi.nlm.nih.gov/nuccore/KU707826,2015.50,Genbank,2015-07-01
BeH818995,Ku365777,2015-01-01,South America,Brazil,Brazil,Azevedo Et Al,Unpublished,Genome Sequences Of Four Zika Virus Isolates From Brazil,https://www.ncbi.nlm.nih.gov/nuccore/KU365777,2015.81,Genbank,2015-xx-xx
BeH815744,Ku365780,2015-01-01,South America,Brazil,Brazil,Azevedo Et Al,Unpublished,Genome Sequences Of Four Zika Virus Isolates From Brazil,https://www.ncbi.nlm.nih.gov/nuccore/KU365780,2016.00,Genbank,2015-xx-xx
Z1106033,Ku312312,2015-10-02,South America,Suriname,Suriname,Enfissi Et Al,Lancet 387  10015  227-228  2016 ,Zika Virus Genome From The Americas,https://www.ncbi.nlm.nih.gov/nuccore/KU312312,2015.75,Genbank,2015-10-02
BRA/2016/FC_6864,Ky014297,2016-04-12,South America,Brazil,Brazil,Metsky Et Al,Nature 546  7658  411-415  2017 ,Zika Virus Evolution And Spread In The Americas,https://www.ncbi.nlm.nih.gov/nuccore/KY014297,2016.28,Genbank,2016-04-12
BRA/2016/FC_6863,Ky785450,2016-04-12,South America,Brazil,Brazil,Metsky Et Al,Nature 546  7658  411-415  2017 ,Zika Virus Evolution And Spread In The Americas,https://www.ncbi.nlm.nih.gov/nuccore/KY785450,2016.28,Genbank,2016-04-12
GZ01,Ku820898,2016-02-14,South America,Venezuela,Venezuela,Deng Et Al,Unpublished,Complete Genome Of Zika Virus Gz01 Isolate From China,https://www.ncbi.nlm.nih.gov/nuccore/KU820898,2016.12,Genbank,2016-02-14
USVI/11/2016,Vi11,2016-03-22,North America,USVI,Saint Thomas,Black Et Al,?,Genetic Characterization Of The Zika Virus Epidemic In The Us Virgin Islands,https://github.com/blab/zika-usvi/tree/master/data,2016.22,Fh,2016-03-22
R114916,Kx766028,2016-06-06,North America,Dominican Republic,Dominican Republic,Lanciotti Et Al,Submitted  23-aug-2016  Diagnostic & Reference Laboratory Arbovirus Diseases Branch Centers For Disease Control & Prevention 3150 Rampart Road Fort Collins Co 80521 Usa,Direct Submission,https://www.ncbi.nlm.nih.gov/nuccore/KX766028,2016.43,Genbank,2016-06-06
GZ02/2016,Kx056898,2016-02-25,South America,Venezuela,Venezuela,Li Et Al,Unpublished,The Isolation And Characterization Of Zika Virus Imported Into Guangdong China,https://www.ncbi.nlm.nih.gov/nuccore/KX056898,2016.15,Genbank,2016-02-25
Z16019,Ku955590,2016-02-26,South America,Venezuela,Venezuela,Wu Et Al,Unpublished,Large Returning Population Of Oversea Chinese Of Guangdong Province Combined With Tourists Increase The Risks Of Zikv Transmission In Guangdong China,https://www.ncbi.nlm.nih.gov/nuccore/KU955590,2016.15,Genbank,2016-02-26
GDZ16021,Mf167360,2016-02-26,China,China,China,Sun Et Al,Unpublished,Returning Ex-patriot Chinese To Guangdong China Increases The Risk For The Local Transmission Of Zika Virus,https://www.ncbi.nlm.nih.gov/nuccore/MF167360,2016.15,Genbank,2016-02-26
BeH819015,Ku365778,2015-01-01,South America,Brazil,Brazil,Azevedo Et Al,Unpublished,Genome Sequences Of Four Zika Virus Isolates From Brazil,https://www.ncbi.nlm.nih.gov/nuccore/KU365778,2016.00,Genbank,2015-xx-xx
SL1602,Ky348640,2016-01-22,South America,Suriname,Suriname,Van Boheemen Et Al,Sci Rep 7  1  2368  2017 ,Quasispecies Composition And Evolution Of A Typical Zika Virus Clinical Isolate From Suriname,https://www.ncbi.nlm.nih.gov/nuccore/KY348640,2016.06,Genbank,2016-01-22
V17271,Ku758877,2015-12-01,South America,French Guiana,French Guiana,Enfissi Et Al,Submitted  25-feb-2016  Laboratoire De Virologie Institut Pasteur De La Guyane 23 Avenue Pasteur Cayenne French Guiana 97300 France,Direct Submission,https://www.ncbi.nlm.nih.gov/nuccore/KU758877,2015.91,Genbank,2015-12-xx
USVI/4/2016,Vi4,2016-10-14,North America,USVI,Saint Thomas,Black Et Al,?,Genetic Characterization Of The Zika Virus Epidemic In The Us Virgin Islands,https://github.com/blab/zika-usvi/tree/master/data,2016.79,Fh,2016-10-14
NL00013,Ku937936,2016-02-11,South America,Suriname,Suriname,Stalin Raj Et Al,Submitted  18-mar-2016  Department Of Viroscience Erasmus Medical Center Dr Molewaterplein 50 Rotterdam 3015 Ge The Netherlands,Direct Submission,https://www.ncbi.nlm.nih.gov/nuccore/KU937936,2016.11,Genbank,2016-02-11
USVI/40/2016,Vi40,2016-11-05,North America,USVI,Saint Thomas,Black Et Al,?,Genetic Characterization Of The Zika Virus Epidemic In The Us Virgin Islands,https://github.com/blab/zika-usvi/tree/master/data,2016.85,Fh,2016-11-05
PRI/2016/MA_WGS16_005,Ky785481,2016-04-12,North America,Puerto Rico,Puerto Rico,Metsky Et Al,Nature 546  7658  411-415  2017 ,Zika Virus Evolution And Spread In The Americas,https://www.ncbi.nlm.nih.gov/nuccore/KY785481,2016.28,Genbank,2016-04-12
PRVABC59,Ku501215,2015-12-01,North America,Puerto Rico,Puerto Rico,Lanciotti Et Al,Emerging Infect. Dis. 22  5  933-935  2016 ,Phylogeny Of Zika Virus In Western Hemisphere 2015,https://www.ncbi.nlm.nih.gov/nuccore/KU501215,2015.91,Genbank,2015-12-xx
PuertoRico/2016/FL008U,Ky075933,2016-06-21,North America,Puerto Rico,Puerto Rico,Grubaugh Et Al,Nature  2017  In Press,Genomic Epidemiology Reveals Multiple Introductions Of Zika Virus Into The United States,https://www.ncbi.nlm.nih.gov/nuccore/KY075933,2016.47,Genbank,2016-06-21
BRA/2016/FC_DQ192D1,Ky785485,2016-05-10,South America,Brazil,Brazil,Metsky Et Al,Nature 546  7658  411-415  2017 ,Zika Virus Evolution And Spread In The Americas,https://www.ncbi.nlm.nih.gov/nuccore/KY785485,2016.36,Genbank,2016-05-10
BRA/2016/FC_DQ12D1,Ky785436,2016-03-15,South America,Brazil,Brazil,Metsky Et Al,Nature 546  7658  411-415  2017 ,Zika Virus Evolution And Spread In The Americas,https://www.ncbi.nlm.nih.gov/nuccore/KY785436,2016.20,Genbank,2016-03-15
PuertoRico/2016/FL016U,Ky075934,2016-07-03,North America,Puerto Rico,Puerto Rico,Grubaugh Et Al,Nature  2017  In Press,Genomic Epidemiology Reveals Multiple Introductions Of Zika Virus Into The United States,https://www.ncbi.nlm.nih.gov/nuccore/KY075934,2016.50,Genbank,2016-07-03
PRI/2016/MA_WGS16_016,Ky785462,2016-06-26,North America,Puerto Rico,Puerto Rico,Metsky Et Al,Nature 546  7658  411-415  2017 ,Zika Virus Evolution And Spread In The Americas,https://www.ncbi.nlm.nih.gov/nuccore/KY785462,2016.48,Genbank,2016-06-26
PRI/2016/MA_WGS16_004,Ky785464,2016-04-13,North America,Puerto Rico,Puerto Rico,Metsky Et Al,Nature 546  7658  411-415  2017 ,Zika Virus Evolution And Spread In The Americas,https://www.ncbi.nlm.nih.gov/nuccore/KY785464,2016.28,Genbank,2016-04-13
USVI/23/2016,Vi23,2016-07-12,North America,USVI,Saint Thomas,Black Et Al,?,Genetic Characterization Of The Zika Virus Epidemic In The Us Virgin Islands,https://github.com/blab/zika-usvi/,2016.53,Fh,2016-07-12
USVI/39/2016,Vi39,2016-11-09,North America,USVI,Saint Croix,Black Et Al,?,Genetic Characterization Of The Zika Virus Epidemic In The Us Virgin Islands,https://github.com/blab/zika-usvi/tree/master/data,2016.86,Fh,2016-11-09
USVI/30/2016,Vi30,2016-08-07,North America,USVI,Saint Croix,Black Et Al,?,Genetic Characterization Of The Zika Virus Epidemic In The Us Virgin Islands,https://github.com/blab/zika-usvi/,2016.60,Fh,2016-08-07
USVI/32/2016,Vi32,2016-08-11,North America,USVI,Saint Croix,Black Et Al,?,Genetic Characterization Of The Zika Virus Epidemic In The Us Virgin Islands,https://github.com/blab/zika-usvi/,2016.61,Fh,2016-08-11
USVI/37/2016,Vi37,2016-10-06,North America,USVI,Saint Croix,Black Et Al,?,Genetic Characterization Of The Zika Virus Epidemic In The Us Virgin Islands,https://github.com/blab/zika-usvi/tree/master/data,2016.76,Fh,2016-10-06
USVI/12/2016,Vi12,2016-11-04,North America,USVI,Saint Croix,Black Et Al,?,Genetic Characterization Of The Zika Virus Epidemic In The Us Virgin Islands,https://github.com/blab/zika-usvi/tree/master/data,2016.84,Fh,2016-11-04
USVI/1/2016,Vi1,2016-09-28,North America,USVI,Saint Croix,Black Et Al,?,Genetic Characterization Of The Zika Virus Epidemic In The Us Virgin Islands,https://github.com/blab/zika-usvi/tree/master/data,2016.74,Fh,2016-09-28
USVI/2/2016,Vi2,2016-09-28,North America,USVI,Saint Croix,Black Et Al,?,Genetic Characterization Of The Zika Virus Epidemic In The Us Virgin Islands,https://github.com/blab/zika-usvi/tree/master/data,2016.74,Fh,2016-09-28
USIV/35/2016,Vi35,2016-09-08,North America,USVI,Saint Thomas,Black Et Al,?,Genetic Characterization Of The Zika Virus Epidemic In The Us Virgin Islands,https://github.com/blab/zika-usvi/tree/master/data,2016.69,Fh,2016-09-08
USVI/25/2016,Vi25,2016-09-27,North America,USVI,Saint Thomas,Black Et Al,?,Genetic Characterization Of The Zika Virus Epidemic In The Us Virgin Islands,https://github.com/blab/zika-usvi/,2016.74,Fh,2016-09-27
USVI/27/2016,Vi27,2016-08-19,North America,USVI,Saint Thomas,Black Et Al,?,Genetic Characterization Of The Zika Virus Epidemic In The Us Virgin Islands,https://github.com/blab/zika-usvi/,2016.63,Fh,2016-08-19
USVI/43/2016,Vi43,2016-07-19,North America,USVI,Saint Thomas,Black Et Al,?,Genetic Characterization Of The Zika Virus Epidemic In The Us Virgin Islands,https://github.com/blab/zika-usvi/tree/master/data,2016.55,Fh,2016-07-19
USVI/34/2016,Vi34,2016-08-01,North America,USVI,Saint Thomas,Black Et Al,?,Genetic Characterization Of The Zika Virus Epidemic In The Us Virgin Islands,https://github.com/blab/zika-usvi/tree/master/data,2016.58,Fh,2016-08-01
USVI/13/2016,Vi13,2016-08-13,North America,USVI,Saint Thomas,Black Et Al,?,Genetic Characterization Of The Zika Virus Epidemic In The Us Virgin Islands,https://github.com/blab/zika-usvi/tree/master/data,2016.62,Fh,2016-08-13
USVI/38/2016,Vi38,2016-10-25,North America,USVI,Saint Thomas,Black Et Al,?,Genetic Characterization Of The Zika Virus Epidemic In The Us Virgin Islands,https://github.com/blab/zika-usvi/tree/master/data,2016.82,Fh,2016-10-25
USVI/3/2016,Vi3,2016-09-26,North America,USVI,Saint Thomas,Black Et Al,?,Genetic Characterization Of The Zika Virus Epidemic In The Us Virgin Islands,https://github.com/blab/zika-usvi/tree/master/data,2016.74,Fh,2016-09-26
USVI/5/2016,Vi5,2016-10-17,North America,USVI,Saint Thomas,Black Et Al,?,Genetic Characterization Of The Zika Virus Epidemic In The Us Virgin Islands,https://github.com/blab/zika-usvi/tree/master/data,2016.79,Fh,2016-10-17
USVI/21/2016,Vi21,2016-11-07,North America,USVI,Saint John,Black Et Al,?,Genetic Characterization Of The Zika Virus Epidemic In The Us Virgin Islands,https://github.com/blab/zika-usvi/,2016.85,Fh,2016-11-07
USVI/6/2016,Vi6,2016-10-19,North America,USVI,Saint John,Black Et Al,?,Genetic Characterization Of The Zika Virus Epidemic In The Us Virgin Islands,https://github.com/blab/zika-usvi/tree/master/data,2016.80,Fh,2016-10-19
Brazil/2016/ZBRX102,Ky559018,2016-02-25,South America,Brazil,Brazil,Faria Et Al,Unpublished,Epidemic Establishment And Cryptic Transmission Of Zika Virus In Brazil And The Americas,https://www.ncbi.nlm.nih.gov/nuccore/KY559018,2016.15,Genbank,2016-02-25
USVI/24/2016,Vi24,2016-09-13,North America,USVI,Saint Thomas,Black Et Al,?,Genetic Characterization Of The Zika Virus Epidemic In The Us Virgin Islands,https://github.com/blab/zika-usvi/,2016.70,Fh,2016-09-13
Brazil/2016/ZBRC16,Ky558991,2016-01-19,South America,Brazil,Brazil,Faria Et Al,Unpublished,Epidemic Establishment And Cryptic Transmission Of Zika Virus In Brazil And The Americas,https://www.ncbi.nlm.nih.gov/nuccore/KY558991,2016.05,Genbank,2016-01-19
BRA/2016/FC_6418,Ky785410,2016-03-27,South America,Brazil,Brazil,Metsky Et Al,Nature 546  7658  411-415  2017 ,Zika Virus Evolution And Spread In The Americas,https://www.ncbi.nlm.nih.gov/nuccore/KY785410,2016.24,Genbank,2016-03-27
BRA/2016/FC_DQ5D1,Ky785437,2016-03-14,South America,Brazil,Brazil,Metsky Et Al,Nature 546  7658  411-415  2017 ,Zika Virus Evolution And Spread In The Americas,https://www.ncbi.nlm.nih.gov/nuccore/KY785437,2016.20,Genbank,2016-03-14
RIO_BM1,Ky272991,2016-02-12,South America,Brazil,Brazil,Bonaldo Et Al,Unpublished,Zika Virus From Breast Milk,https://www.ncbi.nlm.nih.gov/nuccore/KY272991,2016.11,Genbank,2016-02-12
Brazil/2016/ZBRY7,Ky559032,2016-01-01,South America,Brazil,Brazil,Faria Et Al,Nature 546  7658  406-410  2017 ,Establishment And Cryptic Transmission Of Zika Virus In Brazil And The Americas,https://www.ncbi.nlm.nih.gov/nuccore/KY559032,2016.08,Genbank,2016-01-xx
BRA/2016/FC_5905,Ky014308,2016-03-23,South America,Brazil,Brazil,Metsky Et Al,Nature 546  7658  411-415  2017 ,Zika Virus Evolution And Spread In The Americas,https://www.ncbi.nlm.nih.gov/nuccore/KY014308,2016.22,Genbank,2016-03-23
Brazil/2016/ZBRY1,Ky559025,2016-01-15,South America,Brazil,Brazil,Faria Et Al,Unpublished,Epidemic Establishment And Cryptic Transmission Of Zika Virus In Brazil And The Americas,https://www.ncbi.nlm.nih.gov/nuccore/KY559025,2016.04,Genbank,2016-01-15
NIC/6188_13A1/2016,Ky765326,2016-06-30,North America,Nicaragua,Nicaragua,Shabman Et Al,Submitted  13-mar-2017  J. Craig Venter Institute 9704 Medical Center Drive Rockville Md 20850 Usa,Direct Submission,https://www.ncbi.nlm.nih.gov/nuccore/KY765326,2016.50,Genbank,2016-06-30
2016\HND\19563,Kx906952,2016-04-16,North America,Honduras,Honduras,?,?,?,?,2016.29,Genbank,2016-04-16
V103451,Kx262887,2016-01-06,North America,Honduras,Honduras,Lanciotti Et Al,Submitted  18-may-2016  Diagnostic & Reference Laboratory Arbovirus Diseases Branch Centers For Disease Control & Prevention 3150 Rampart Road Fort Collins Co 80521 Usa,Direct Submission,https://www.ncbi.nlm.nih.gov/nuccore/KX262887,2016.01,Genbank,2016-01-06
HND/R103451/2015,Kx694534,2015-01-06,North America,Honduras,Honduras,Shabman Et Al,Submitted  12-aug-2016  J. Craig Venter Institute 9704 Medical Center Drive Rockville Md 20850 Usa,Direct Submission,https://www.ncbi.nlm.nih.gov/nuccore/KX694534,2015.01,Genbank,2015-01-06
Mexico_Rus_10GNN_2016,Mf098770,2016-11-09,North America,Mexico,Mexico,Karan Et Al,Unpublished,Imported Cases Of Zika Virus Disease In Russia In 2016-2017,https://www.ncbi.nlm.nih.gov/nuccore/MF098770,2016.86,Genbank,2016-11-09
mex07/Mexico/2016,Ky606272,2016-08-05,North America,Mexico,Mexico,Chiu Et Al,Unpublished,Epidemic Establishment And Cryptic Transmission Of Zika Virus In Brazil And The Americas,https://www.ncbi.nlm.nih.gov/nuccore/KY606272,2016.59,Genbank,2016-08-05
MEX_ENCB165,Ky631493,2015-10-15,North America,Mexico,Mexico,Sevilla-reyes Et Al,Unpublished,Comparative Analysis Between The Genomes Of Intra-host And Cell Cultured Zika Virus Obtained From A Mexican Symptomatic Patient,https://www.ncbi.nlm.nih.gov/nuccore/KY631493,2015.79,Genbank,2015-10-15
ENCB165P4,Ky631494,2015-10-15,North America,Mexico,Mexico,Sevilla-reyes Et Al,Unpublished,Comparative Analysis Between The Genomes Of Intra-host And Cell Cultured Zika Virus Obtained From A Mexican Symptomatic Patient,https://www.ncbi.nlm.nih.gov/nuccore/KY631494,2015.79,Genbank,2015-10-15
USA/UT_1/2016,Kx827268,2016-01-01,North America,Mexico,Mexico,Swaminathan Et Al,N. Engl. J. Med. 375  19  1907-1909  2016 ,Fatal Zika Virus Infection With Secondary Nonsexual Transmission,https://www.ncbi.nlm.nih.gov/nuccore/KX827268,2016.00,Genbank,2016-01-01
R116265,Kx766029,2016-06-23,North America,Mexico,Mexico,Lanciotti Et Al,Submitted  23-aug-2016  Diagnostic & Reference Laboratory Arbovirus Diseases Branch Centers For Disease Control & Prevention 3150 Rampart Road Fort Collins Co 80521 Usa,Direct Submission,https://www.ncbi.nlm.nih.gov/nuccore/KX766029,2016.48,Genbank,2016-06-23
Aedes_aegypti/MEX/MEX_I_44/2016,Ky648934,2016-01-01,North America,Mexico,Mexico,Shabman Et Al,Submitted  22-feb-2017  J. Craig Venter Institute 9704 Medical Center Drive Rockville Md 20850 Usa,Direct Submission,https://www.ncbi.nlm.nih.gov/nuccore/KY648934,2016.13,Genbank,2016-xx-xx
Aedes_sp/MEX_I_44/2016,Kx856011,2016-01-01,North America,Mexico,Mexico,Balaraman Et Al,Unpublished,Zika Virus Infection In Pregnant Mice,https://www.ncbi.nlm.nih.gov/nuccore/KX856011,2016.00,Genbank,2016-01-01
Mexico_Rus_12TVR_2017,Mf098771,2017-01-30,North America,Mexico,Mexico,Karan Et Al,Unpublished,Imported Cases Of Zika Virus Disease In Russia In 2016-2017,https://www.ncbi.nlm.nih.gov/nuccore/MF098771,2017.08,Genbank,2017-01-30
MEX_CIENI551,Ky120348,2016-03-03,North America,Mexico,Mexico,Boukadida Et Al,Unpublished,Complete Zika Virus Genome Sequences From A Serum Sample And After Isolation In Vero Cells,https://www.ncbi.nlm.nih.gov/nuccore/KY120348,2016.17,Genbank,2016-03-03
Aedessp/MEX/MEX_2_81/2016,Kx446950,2016-01-01,North America,Mexico,Mexico,Shabman Et Al,Submitted  27-jun-2016  J. Craig Venter Institute 9704 Medical Center Drive Rockville Md 20850 Usa,Direct Submission,https://www.ncbi.nlm.nih.gov/nuccore/KX446950,2016.00,Genbank,2016-01-01
MEX_I_7,Kx247632,2015-11-01,North America,Mexico,Mexico,Barrows Et Al,Unpublished,Repurposed Drug Candidates To Treat Zikv Infection In Pregnancy,https://www.ncbi.nlm.nih.gov/nuccore/KX247632,2015.91,Genbank,2015-11-xx
Aedessp/MEX/MEX_I_7/2016,Kx446951,2016-01-01,North America,Mexico,Mexico,Shabman Et Al,Submitted  27-jun-2016  J. Craig Venter Institute 9704 Medical Center Drive Rockville Md 20850 Usa,Direct Submission,https://www.ncbi.nlm.nih.gov/nuccore/KX446951,2016.00,Genbank,2016-01-01
NIC/8610_13A1/2016,Ky765324,2016-07-07,North America,Nicaragua,Nicaragua,Shabman Et Al,Submitted  13-mar-2017  J. Craig Venter Institute 9704 Medical Center Drive Rockville Md 20850 Usa,Direct Submission,https://www.ncbi.nlm.nih.gov/nuccore/KY765324,2016.51,Genbank,2016-07-07
NIC/5256_13A1/2016,Mf434518,2016-08-26,North America,Nicaragua,Nicaragua,Theze Et Al,Unpublished,Genome Sequences Of Zika Viruses Isolated In Nicaragua,https://www.ncbi.nlm.nih.gov/nuccore/MF434518,2016.65,Genbank,2016-08-26
HN16,Ky328289,2016-05-01,North America,Honduras,Honduras,Murray Et Al,Emerging Infect. Dis. 23  1  99-101  2017 ,Prolonged Detection Of Zika Virus In Vaginal Secretions And Whole Blood,https://www.ncbi.nlm.nih.gov/nuccore/KY328289,2016.33,Genbank,2016-05-xx
HND/2016/HU_ME58,Ky014312,2016-05-13,North America,Honduras,Honduras,Metsky Et Al,Nature 546  7658  411-415  2017 ,Zika Virus Evolution And Spread In The Americas,https://www.ncbi.nlm.nih.gov/nuccore/KY014312,2016.36,Genbank,2016-05-13
HND/2016/HU_ME156,Ky785452,2016-06-07,North America,Honduras,Honduras,Metsky Et Al,Nature 546  7658  411-415  2017 ,Zika Virus Evolution And Spread In The Americas,https://www.ncbi.nlm.nih.gov/nuccore/KY785452,2016.43,Genbank,2016-06-07
HND/2016/HU_ME42,Ky014310,2016-05-09,North America,Honduras,Honduras,Metsky Et Al,Nature 546  7658  411-415  2017 ,Zika Virus Evolution And Spread In The Americas,https://www.ncbi.nlm.nih.gov/nuccore/KY014310,2016.35,Genbank,2016-05-09
HND/2016/HU_ME38,Ky014319,2016-04-30,North America,Honduras,Honduras,Metsky Et Al,Nature 546  7658  411-415  2017 ,Zika Virus Evolution And Spread In The Americas,https://www.ncbi.nlm.nih.gov/nuccore/KY014319,2016.33,Genbank,2016-04-30
NIC/6547_13A1/2016,Mf434521,2016-07-19,North America,Nicaragua,Nicaragua,Theze Et Al,Unpublished,Genome Sequences Of Zika Viruses Isolated In Nicaragua,https://www.ncbi.nlm.nih.gov/nuccore/MF434521,2016.55,Genbank,2016-07-19
NIC/4886_12A1/2016,Ky765321,2016-07-10,North America,Nicaragua,Nicaragua,Shabman Et Al,Submitted  13-mar-2017  J. Craig Venter Institute 9704 Medical Center Drive Rockville Md 20850 Usa,Direct Submission,https://www.ncbi.nlm.nih.gov/nuccore/KY765321,2016.52,Genbank,2016-07-10
NIC/7252_12A1/2016,Ky765317,2016-06-29,North America,Nicaragua,Nicaragua,Shabman Et Al,Submitted  13-mar-2017  J. Craig Venter Institute 9704 Medical Center Drive Rockville Md 20850 Usa,Direct Submission,https://www.ncbi.nlm.nih.gov/nuccore/KY765317,2016.49,Genbank,2016-06-29
HND/2016/HU_ME147,Ky785442,2016-06-04,North America,Honduras,Honduras,Metsky Et Al,Nature 546  7658  411-415  2017 ,Zika Virus Evolution And Spread In The Americas,https://www.ncbi.nlm.nih.gov/nuccore/KY785442,2016.42,Genbank,2016-06-04
USA/2016/FL019,Ky785421,2016-07-07,North America,USA,USA,Metsky Et Al,Nature 546  7658  411-415  2017 ,Zika Virus Evolution And Spread In The Americas,https://www.ncbi.nlm.nih.gov/nuccore/KY785421,2016.51,Genbank,2016-07-07
HND/2016/HU_ME33,Ky785416,2016-04-28,North America,Honduras,Honduras,Metsky Et Al,Nature 546  7658  411-415  2017 ,Zika Virus Evolution And Spread In The Americas,https://www.ncbi.nlm.nih.gov/nuccore/KY785416,2016.32,Genbank,2016-04-28
mex48/Mexico/2016,Ky606273,2016-06-30,North America,Mexico,Mexico,Chiu Et Al,Unpublished,Epidemic Establishment And Cryptic Transmission Of Zika Virus In Brazil And The Americas,https://www.ncbi.nlm.nih.gov/nuccore/KY606273,2016.50,Genbank,2016-06-30
V103344,Ku501216,2015-12-01,North America,Guatemala,Guatemala,Lanciotti Et Al,Emerging Infect. Dis. 22  5  933-935  2016 ,Phylogeny Of Zika Virus In Western Hemisphere 2015,https://www.ncbi.nlm.nih.gov/nuccore/KU501216,2015.91,Genbank,2015-12-01
V8375,Ku501217,2015-11-01,North America,Guatemala,Guatemala,Lanciotti Et Al,Emerging Infect. Dis. 22  5  933-935  2016 ,Phylogeny Of Zika Virus In Western Hemisphere 2015,https://www.ncbi.nlm.nih.gov/nuccore/KU501217,2015.83,Genbank,2015-11-01
USA/2016/FLWB044,Ky325479,2016-09-28,North America,USA,USA,Grubaugh Et Al,Nature  2017  In Press,Genomic Epidemiology Reveals Multiple Introductions Of Zika Virus Into The United States,https://www.ncbi.nlm.nih.gov/nuccore/KY325479,2016.74,Genbank,2016-09-28
USA/2016/FLSR043,Ky325465,2016-09-28,North America,USA,USA,Grubaugh Et Al,Nature  2017  In Press,Genomic Epidemiology Reveals Multiple Introductions Of Zika Virus Into The United States,https://www.ncbi.nlm.nih.gov/nuccore/KY325465,2016.74,Genbank,2016-09-28
Mex03/Mexico/2016,Ky606271,2016-03-05,North America,Mexico,Mexico,Faria Et Al,Nature 546  7658  406-410  2017 ,Establishment And Cryptic Transmission Of Zika Virus In Brazil And The Americas,https://www.ncbi.nlm.nih.gov/nuccore/KY606271,2016.18,Genbank,2016-03-05
Henan/001/2016,Mf593625,2016-09-14,China,China,China,Li Et Al,Unpublished,Identification Of The First Imported Zika Case From Guatemala Into Henan Inland China  A Case Report,https://www.ncbi.nlm.nih.gov/nuccore/MF593625,2016.70,Genbank,2016-09-14
Cuba/2017/Hu0046Sa,Mf159531,2017-04-19,North America,Cuba,Cuba,Grubaugh Et Al,Unpublished,Zika Virus Sequence From Cuba Traveler Diagnosed In The United States  Miami Fl ,https://www.ncbi.nlm.nih.gov/nuccore/MF159531,2017.30,Genbank,2017-04-19
UNK/2016/MA_WGS16_029,Ky785454,2016-08-05,North America,El Salvador,El Salvador,Metsky Et Al,Nature 546  7658  411-415  2017 ,Zika Virus Evolution And Spread In The Americas,https://www.ncbi.nlm.nih.gov/nuccore/KY785454,2016.59,Genbank,2016-08-05
HND/2016/HU_ME152,Ky014315,2016-06-06,North America,Honduras,Honduras,Metsky Et Al,Nature 546  7658  411-415  2017 ,Zika Virus Evolution And Spread In The Americas,https://www.ncbi.nlm.nih.gov/nuccore/KY014315,2016.43,Genbank,2016-06-06
HND/2016/HU_ME59,Ky785418,2016-05-13,North America,Honduras,Honduras,Metsky Et Al,Nature 546  7658  411-415  2017 ,Zika Virus Evolution And Spread In The Americas,https://www.ncbi.nlm.nih.gov/nuccore/KY785418,2016.36,Genbank,2016-05-13
NIC/5005_13A1/2016,Ky765327,2016-04-22,North America,Nicaragua,Nicaragua,Shabman Et Al,Submitted  13-mar-2017  J. Craig Venter Institute 9704 Medical Center Drive Rockville Md 20850 Usa,Direct Submission,https://www.ncbi.nlm.nih.gov/nuccore/KY765327,2016.31,Genbank,2016-04-22
FHT1175/HON/2016,Ky693677,2016-08-26,North America,Honduras,Honduras,Leguia Et Al,Unpublished,Full-genome Amplification And Sequencing Of Zika Viruses Using A Targeted Amplification Approach,https://www.ncbi.nlm.nih.gov/nuccore/KY693677,2016.65,Genbank,2016-08-26
HND/2016/HU_ME136,Ky785461,2016-05-31,North America,Honduras,Honduras,Metsky Et Al,Nature 546  7658  411-415  2017 ,Zika Virus Evolution And Spread In The Americas,https://www.ncbi.nlm.nih.gov/nuccore/KY785461,2016.41,Genbank,2016-05-31
NIC/5847_12B1/2016,Mf434520,2016-02-07,North America,Nicaragua,Nicaragua,Theze Et Al,Unpublished,Genome Sequences Of Zika Viruses Isolated In Nicaragua,https://www.ncbi.nlm.nih.gov/nuccore/MF434520,2016.10,Genbank,2016-02-07
HND/2016/HU_ME167,Ky014327,2016-06-09,North America,Honduras,Honduras,Metsky Et Al,Nature 546  7658  411-415  2017 ,Zika Virus Evolution And Spread In The Americas,https://www.ncbi.nlm.nih.gov/nuccore/KY014327,2016.44,Genbank,2016-06-09
HND/2016/HU_ME50,Ky014311,2016-05-12,North America,Honduras,Honduras,Metsky Et Al,Nature 546  7658  411-415  2017 ,Zika Virus Evolution And Spread In The Americas,https://www.ncbi.nlm.nih.gov/nuccore/KY014311,2016.36,Genbank,2016-05-12
HND/2016/HU_ME178,Ky014306,2016-06-10,North America,Honduras,Honduras,Metsky Et Al,Nature 546  7658  411-415  2017 ,Zika Virus Evolution And Spread In The Americas,https://www.ncbi.nlm.nih.gov/nuccore/KY014306,2016.44,Genbank,2016-06-10
mex39/Mexico/2016,Ky606274,2016-07-07,North America,Mexico,Mexico,Chiu Et Al,Unpublished,Epidemic Establishment And Cryptic Transmission Of Zika Virus In Brazil And The Americas,https://www.ncbi.nlm.nih.gov/nuccore/KY606274,2016.51,Genbank,2016-07-07
HND/2016/HU_ME180,Ky785431,2016-06-13,North America,Honduras,Honduras,Metsky Et Al,Nature 546  7658  411-415  2017 ,Zika Virus Evolution And Spread In The Americas,https://www.ncbi.nlm.nih.gov/nuccore/KY785431,2016.45,Genbank,2016-06-13
FB_GWUH_2016,Ku870645,2016-02-02,North America,Guatemala,Guatemala,Driggers Et Al,Unpublished,Zika Virus Infection With Prolonged Maternal Viremia And Fetal Brain Abnormalities,https://www.ncbi.nlm.nih.gov/nuccore/KU870645,2016.09,Genbank,2016-02-02
NIC/6406_13A1/2016,Ky765320,2016-05-29,North America,Nicaragua,Nicaragua,Shabman Et Al,Submitted  13-mar-2017  J. Craig Venter Institute 9704 Medical Center Drive Rockville Md 20850 Usa,Direct Submission,https://www.ncbi.nlm.nih.gov/nuccore/KY765320,2016.41,Genbank,2016-05-29
Nica2_16,Kx421194,2016-01-13,North America,Nicaragua,Nicaragua,Tabata Et Al,Cell Host Microbe 20  2  155-166  2016 ,Zika Virus Targets Different Primary Human Placental Cells Suggesting Two Routes For Vertical Transmission,https://www.ncbi.nlm.nih.gov/nuccore/KX421194,2016.03,Genbank,2016-01-13
Nica1_16,Kx421195,2016-01-19,North America,Nicaragua,Nicaragua,Tabata Et Al,Cell Host Microbe 20  2  155-166  2016 ,Zika Virus Targets Different Primary Human Placental Cells Suggesting Two Routes For Vertical Transmission,https://www.ncbi.nlm.nih.gov/nuccore/KX421195,2016.05,Genbank,2016-01-19
HND/2016/HU_ME137,Ky785444,2016-05-31,North America,Honduras,Honduras,Metsky Et Al,Nature 546  7658  411-415  2017 ,Zika Virus Evolution And Spread In The Americas,https://www.ncbi.nlm.nih.gov/nuccore/KY785444,2016.41,Genbank,2016-05-31
NIC/1659_13A1/2016,Mf434517,2016-08-19,North America,Nicaragua,Nicaragua,Theze Et Al,Unpublished,Genome Sequences Of Zika Viruses Isolated In Nicaragua,https://www.ncbi.nlm.nih.gov/nuccore/MF434517,2016.63,Genbank,2016-08-19
HND/2016/HU_SZ76,Ky785471,2016-05-03,North America,Honduras,Honduras,Metsky Et Al,Nature 546  7658  411-415  2017 ,Zika Virus Evolution And Spread In The Americas,https://www.ncbi.nlm.nih.gov/nuccore/KY785471,2016.34,Genbank,2016-05-03
NIC/7253_13A1/2016,Mf434522,2016-08-29,North America,Nicaragua,Nicaragua,Theze Et Al,Unpublished,Genome Sequences Of Zika Viruses Isolated In Nicaragua,https://www.ncbi.nlm.nih.gov/nuccore/MF434522,2016.66,Genbank,2016-08-29
NIC/1304_13A1/2016,Mf434516,2016-08-05,North America,Nicaragua,Nicaragua,Theze Et Al,Unpublished,Genome Sequences Of Zika Viruses Isolated In Nicaragua,https://www.ncbi.nlm.nih.gov/nuccore/MF434516,2016.59,Genbank,2016-08-05
NIC/5338_13A1/2016,Mf434519,2016-07-22,North America,Nicaragua,Nicaragua,Theze Et Al,Unpublished,Genome Sequences Of Zika Viruses Isolated In Nicaragua,https://www.ncbi.nlm.nih.gov/nuccore/MF434519,2016.56,Genbank,2016-07-22
HND/2016/HU_ME171,Ky785448,2016-06-10,North America,Honduras,Honduras,Metsky Et Al,Nature 546  7658  411-415  2017 ,Zika Virus Evolution And Spread In The Americas,https://www.ncbi.nlm.nih.gov/nuccore/KY785448,2016.44,Genbank,2016-06-10
HND/2016/HU_ME172,Ky785458,2016-06-10,North America,Honduras,Honduras,Metsky Et Al,Nature 546  7658  411-415  2017 ,Zika Virus Evolution And Spread In The Americas,https://www.ncbi.nlm.nih.gov/nuccore/KY785458,2016.44,Genbank,2016-06-10
HND/2016/HU_ME131,Ky785414,2016-05-28,North America,Honduras,Honduras,Metsky Et Al,Nature 546  7658  411-415  2017 ,Zika Virus Evolution And Spread In The Americas,https://www.ncbi.nlm.nih.gov/nuccore/KY785414,2016.41,Genbank,2016-05-28
FHT1166/HON/2016,Ky693676,2016-08-26,North America,Honduras,Honduras,Leguia Et Al,Unpublished,Full-genome Amplification And Sequencing Of Zika Viruses Using A Targeted Amplification Approach,https://www.ncbi.nlm.nih.gov/nuccore/KY693676,2016.65,Genbank,2016-08-26